[[{"__type__":"cc.Prefab","_name":"line_arrow","data":{"__id__":1},"asyncLoadAssets":null},{"__type__":"cc.Node","_name":"line_arrow","_children":[{"__id__":2},{"__id__":5}],"_components":[{"__type__":"1d0d586re5GTJoc8opg3Rky","node":{"__id__":1},"handle":{"__id__":6},"body":{"__id__":5},"handle_extend_rot":{"__id__":2}}],"_prefab":{"__type__":"cc.PrefabInfo","root":{"__id__":1},"asset":{"__uuid__":"07bWV8l8FAGraRDh+24GPS"},"fileId":"52T7DIZZJDwIdKYNu156yt"},"_rotationX":180,"_rotationY":180},{"__type__":"cc.Node","_name":"handle","_parent":{"__id__":1},"_children":[{"__id__":3},{"__id__":4}],"_prefab":{"__type__":"cc.PrefabInfo","root":{"__id__":1},"asset":{"__uuid__":"07bWV8l8FAGraRDh+24GPS"},"fileId":"14xOj8lz1Mqo5PTOlQhr/4"},"_anchorPoint":{"__type__":"cc.Vec2","x":0.5,"y":1},"_contentSize":{"__type__":"cc.Size","width":30,"height":20},"_position":{"__type__":"cc.Vec2","y":49.9}},{"__type__":"cc.Node","_name":"arrow","_parent":{"__id__":2},"_components":[{"__type__":"cc.Sprite","node":{"__id__":3},"_spriteFrame":{"__uuid__":"a2MjXRFdtLlYQ5ouAFv/+R"},"_sizeMode":0}],"_prefab":{"__type__":"cc.PrefabInfo","root":{"__id__":1},"asset":{"__uuid__":"07bWV8l8FAGraRDh+24GPS"},"fileId":"ddWnBgH+9J5IwGqFw9qnjg"},"_color":{"__type__":"cc.Color","r":255,"g":255},"_anchorPoint":{"__type__":"cc.Vec2","y":1},"_contentSize":{"__type__":"cc.Size","width":5,"height":20},"_rotationX":30,"_rotationY":30,"_position":{"__type__":"cc.Vec2","x":-2.5}},{"__type__":"cc.Node","_name":"arrow","_parent":{"__id__":2},"_components":[{"__type__":"cc.Sprite","node":{"__id__":4},"_spriteFrame":{"__uuid__":"a2MjXRFdtLlYQ5ouAFv/+R"},"_sizeMode":0}],"_prefab":{"__type__":"cc.PrefabInfo","root":{"__id__":1},"asset":{"__uuid__":"07bWV8l8FAGraRDh+24GPS"},"fileId":"68S2C7I5RDxqwcNqPMP4X1"},"_color":{"__type__":"cc.Color","r":255,"g":255},"_anchorPoint":{"__type__":"cc.Vec2","x":1,"y":1},"_contentSize":{"__type__":"cc.Size","width":5,"height":20},"_rotationX":-30,"_rotationY":-30,"_position":{"__type__":"cc.Vec2","x":2.5}},{"__type__":"cc.Node","_name":"body","_parent":{"__id__":1},"_children":[{"__id__":6}],"_components":[{"__type__":"cc.Sprite","node":{"__id__":5},"_spriteFrame":{"__uuid__":"a2MjXRFdtLlYQ5ouAFv/+R"},"_sizeMode":0}],"_prefab":{"__type__":"cc.PrefabInfo","root":{"__id__":1},"asset":{"__uuid__":"07bWV8l8FAGraRDh+24GPS"},"fileId":"875+IjBdRDRrTiwwNUZLND"},"_color":{"__type__":"cc.Color","r":255,"g":255},"_anchorPoint":{"__type__":"cc.Vec2","x":0.5},"_contentSize":{"__type__":"cc.Size","width":5,"height":50}},{"__type__":"cc.Node","_name":"handle_drag","_parent":{"__id__":5},"_prefab":{"__type__":"cc.PrefabInfo","root":{"__id__":1},"asset":{"__uuid__":"07bWV8l8FAGraRDh+24GPS"},"fileId":"1fZRz9oFdNJIEFACz6bIGa"},"_anchorPoint":{"__type__":"cc.Vec2","x":0.5},"_contentSize":{"__type__":"cc.Size","width":20,"height":36}}],[{"__type__":"cc.Prefab","_name":"variable","data":{"__id__":1},"asyncLoadAssets":null},{"__type__":"cc.Node","_name":"variable","_children":[{"__id__":2},{"__id__":3},{"__id__":4},{"__id__":7},{"__id__":26},{"__id__":29},{"__id__":30},{"__id__":33}],"_components":[{"__type__":"789715AeLZBm6R+09F5jXBC","node":{"__id__":1},"name_":{"__id__":6},"values_":{"__id__":9},"const_":{"__id__":28}},{"__type__":"1441aOGTiBIcJ+iCDVxzsY8","node":{"__id__":1},"handle":{"__id__":1},"bullets":{"__id__":29},"bullet":{"__uuid__":"9aZFZXildBKptB95UlPWvo"},"i_node":{"__id__":30},"i_":{"__id__":32},"result":{"__id__":9}}],"_prefab":{"__type__":"cc.PrefabInfo","root":{"__id__":1},"asset":{"__uuid__":"1dBXqz8gxGerZynF0lFSIR"},"fileId":"dbL/3WhQBIB6LN6xL//L7B"},"_contentSize":{"__type__":"cc.Size","width":220,"height":100}},{"__type__":"cc.Node","_name":"bg","_parent":{"__id__":1},"_components":[{"__type__":"cc.Sprite","node":{"__id__":2},"_spriteFrame":{"__uuid__":"a2MjXRFdtLlYQ5ouAFv/+R"},"_sizeMode":0}],"_prefab":{"__type__":"cc.PrefabInfo","root":{"__id__":1},"asset":{"__uuid__":"1dBXqz8gxGerZynF0lFSIR"},"fileId":"c9l3MIbhNMWbDU0J7Wzehp"},"_color":{"__type__":"cc.Color","r":10,"b":255},"_contentSize":{"__type__":"cc.Size","width":220,"height":100}},{"__type__":"cc.Node","_name":"bg","_parent":{"__id__":1},"_components":[{"__type__":"cc.Sprite","node":{"__id__":3},"_spriteFrame":{"__uuid__":"a2MjXRFdtLlYQ5ouAFv/+R"},"_sizeMode":0}],"_prefab":{"__type__":"cc.PrefabInfo","root":{"__id__":1},"asset":{"__uuid__":"1dBXqz8gxGerZynF0lFSIR"},"fileId":"75MO3xhPdLM5ZpKaEhWCSr"},"_color":{"__type__":"cc.Color","r":148,"g":147,"b":147},"_contentSize":{"__type__":"cc.Size","width":210,"height":90}},{"__type__":"cc.Node","_name":"name_","_parent":{"__id__":1},"_children":[{"__id__":5}],"_prefab":{"__type__":"cc.PrefabInfo","root":{"__id__":1},"asset":{"__uuid__":"1dBXqz8gxGerZynF0lFSIR"},"fileId":"c7hGfvXvpPfKyhFtGFCcQE"},"_position":{"__type__":"cc.Vec2","x":-32,"y":25}},{"__type__":"cc.Node","_name":"text","_parent":{"__id__":4},"_components":[{"__id__":6}],"_prefab":{"__type__":"cc.PrefabInfo","root":{"__id__":1},"asset":{"__uuid__":"1dBXqz8gxGerZynF0lFSIR"},"fileId":"dciSTsWwlMP6WtIciiYjSh"},"_opacity":0,"_contentSize":{"__type__":"cc.Size","width":140,"height":30}},{"__type__":"cc.EditBox","node":{"__id__":5},"_useOriginalSize":false,"_N$backgroundImage":{"__uuid__":"675ovJ2tVK2aLYfgPUWOMv"},"_N$inputMode":6,"_N$fontSize":25,"_N$fontColor":{"__type__":"cc.Color"},"_N$placeholder":"变量名","_N$placeholderFontColor":{"__type__":"cc.Color","r":111,"g":111,"b":111},"_N$maxLength":16},{"__type__":"cc.Node","_name":"value_","_parent":{"__id__":1},"_children":[{"__id__":8},{"__id__":10},{"__id__":12}],"_prefab":{"__type__":"cc.PrefabInfo","root":{"__id__":1},"asset":{"__uuid__":"1dBXqz8gxGerZynF0lFSIR"},"fileId":"ddeZcRkwZEwosUqsp77TkU"},"_position":{"__type__":"cc.Vec2","y":-18.1}},{"__type__":"cc.Node","_name":"text","_parent":{"__id__":7},"_components":[{"__id__":9}],"_prefab":{"__type__":"cc.PrefabInfo","root":{"__id__":1},"asset":{"__uuid__":"1dBXqz8gxGerZynF0lFSIR"},"fileId":"4cL3rSXchDsIwjwZskCidB"},"_opacity":0,"_contentSize":{"__type__":"cc.Size","width":200,"height":40}},{"__type__":"cc.EditBox","node":{"__id__":8},"_useOriginalSize":false,"_N$backgroundImage":{"__uuid__":"675ovJ2tVK2aLYfgPUWOMv"},"_N$inputMode":6,"_N$fontSize":25,"_N$fontColor":{"__type__":"cc.Color"},"_N$placeholder":"值","_N$placeholderFontColor":{"__type__":"cc.Color","r":111,"g":111,"b":111},"_N$maxLength":100},{"__type__":"cc.Node","_name":"ok","_parent":{"__id__":7},"_children":[{"__id__":11}],"_active":false,"_components":[{"__type__":"cc.Sprite","node":{"__id__":10},"_spriteFrame":{"__uuid__":"f0BIwQ8D5Ml7nTNQbh1YlS"},"_type":1,"_sizeMode":0},{"__type__":"cc.Button","node":{"__id__":10},"transition":3,"pressedColor":{"__type__":"cc.Color","r":255,"g":255,"b":255},"clickEvents":[{"__type__":"cc.ClickEvent","target":{"__id__":1},"component":"Variable","handler":"get_values"},{"__type__":"cc.ClickEvent","target":{"__id__":1},"component":"ui_variable","handler":"deal_menu"}],"_N$normalColor":{"__type__":"cc.Color","r":255,"g":255,"b":255},"_N$disabledColor":{"__type__":"cc.Color","r":255,"g":255,"b":255},"_N$normalSprite":{"__uuid__":"f0BIwQ8D5Ml7nTNQbh1YlS"},"_N$pressedSprite":{"__uuid__":"e97GVMl6JHh5Ml5qEDdSGa"},"pressedSprite":{"__uuid__":"e97GVMl6JHh5Ml5qEDdSGa"},"_N$hoverSprite":{"__uuid__":"e97GVMl6JHh5Ml5qEDdSGa"},"hoverSprite":{"__uuid__":"e97GVMl6JHh5Ml5qEDdSGa"},"_N$disabledSprite":{"__uuid__":"29FYIk+N1GYaeWH/q1NxQO"},"_N$target":{"__id__":10}}],"_prefab":{"__type__":"cc.PrefabInfo","root":{"__id__":1},"asset":{"__uuid__":"1dBXqz8gxGerZynF0lFSIR"},"fileId":"6eYWA3nMFOyKWqwUYy/Amm"},"_contentSize":{"__type__":"cc.Size","width":60,"height":30},"_position":{"__type__":"cc.Vec2","x":147,"y":-19}},{"__type__":"cc.Node","_name":"Label","_parent":{"__id__":10},"_components":[{"__type__":"cc.Label","node":{"__id__":11},"_useOriginalSize":false,"_actualFontSize":20,"_fontSize":20,"_enableWrapText":false,"_N$string":"ok","_N$horizontalAlign":1,"_N$verticalAlign":1,"_N$overflow":1}],"_prefab":{"__type__":"cc.PrefabInfo","root":{"__id__":1},"asset":{"__uuid__":"1dBXqz8gxGerZynF0lFSIR"},"fileId":"4aDsaXDn9L06Kql2CywS90"},"_color":{"__type__":"cc.Color"},"_contentSize":{"__type__":"cc.Size","width":100,"height":40}},{"__type__":"cc.Node","_name":"menu","_parent":{"__id__":7},"_children":[{"__id__":13},{"__id__":14},{"__id__":22},{"__id__":24}],"_active":false,"_prefab":{"__type__":"cc.PrefabInfo","root":{"__id__":1},"asset":{"__uuid__":"1dBXqz8gxGerZynF0lFSIR"},"fileId":"d6VLH/BYBP6bxldrS8685A"}},{"__type__":"cc.Node","_name":"bg","_parent":{"__id__":12},"_components":[{"__type__":"cc.Sprite","node":{"__id__":13},"_spriteFrame":{"__uuid__":"a2MjXRFdtLlYQ5ouAFv/+R"},"_sizeMode":0}],"_prefab":{"__type__":"cc.PrefabInfo","root":{"__id__":1},"asset":{"__uuid__":"1dBXqz8gxGerZynF0lFSIR"},"fileId":"fc1Pv17jJI/buX2uHmUHvU"},"_color":{"__type__":"cc.Color","b":255},"_contentSize":{"__type__":"cc.Size","width":220,"height":263},"_position":{"__type__":"cc.Vec2","y":-168}},{"__type__":"cc.Node","_name":"ScrollView","_parent":{"__id__":12},"_children":[{"__id__":15},{"__id__":21}],"_components":[{"__type__":"cc.Sprite","node":{"__id__":14},"_spriteFrame":{"__uuid__":"9bvaMerUlDyary99mJa6xp"},"_type":1,"_sizeMode":0},{"__id__":19}],"_prefab":{"__type__":"cc.PrefabInfo","root":{"__id__":1},"asset":{"__uuid__":"1dBXqz8gxGerZynF0lFSIR"},"fileId":"14I0J0VbBL2peactMB88aA"},"_color":{"__type__":"cc.Color","r":184,"g":184,"b":184},"_contentSize":{"__type__":"cc.Size","width":210,"height":250},"_position":{"__type__":"cc.Vec2","y":-166}},{"__type__":"cc.Node","_name":"scrollBar","_parent":{"__id__":14},"_children":[{"__id__":16}],"_active":false,"_components":[{"__id__":18},{"__type__":"cc.Widget","node":{"__id__":15},"_alignFlags":37,"_left":350.07654921020657,"_originalHeight":237},{"__type__":"cc.Sprite","node":{"__id__":15},"_spriteFrame":{"__uuid__":"5f5dyqtRNNxaFmVzYns6FZ"},"_type":1,"_sizeMode":0}],"_prefab":{"__type__":"cc.PrefabInfo","root":{"__id__":1},"asset":{"__uuid__":"1dBXqz8gxGerZynF0lFSIR"},"fileId":"919duQ9OhJoKw8PYbS5Pbh"},"_color":{"__type__":"cc.Color","r":238,"g":217,"b":227},"_anchorPoint":{"__type__":"cc.Vec2","x":1,"y":0.5},"_contentSize":{"__type__":"cc.Size","width":12,"height":250},"_position":{"__type__":"cc.Vec2","x":105}},{"__type__":"cc.Node","_name":"bar","_parent":{"__id__":15},"_components":[{"__id__":17}],"_prefab":{"__type__":"cc.PrefabInfo","root":{"__id__":1},"asset":{"__uuid__":"1dBXqz8gxGerZynF0lFSIR"},"fileId":"30hSYofcNLIL2r2Pt+hI1j"},"_color":{"__type__":"cc.Color","r":236,"g":241,"b":245},"_anchorPoint":{"__type__":"cc.Vec2","x":1},"_contentSize":{"__type__":"cc.Size","width":10,"height":30},"_position":{"__type__":"cc.Vec2","x":-1}},{"__type__":"cc.Sprite","node":{"__id__":16},"_spriteFrame":{"__uuid__":"5cO7kybDxGj4ipyMYdRYZB"},"_type":1,"_sizeMode":0},{"__type__":"cc.Scrollbar","node":{"__id__":15},"_scrollView":{"__id__":19},"_N$handle":{"__id__":17},"_N$direction":1},{"__type__":"cc.ScrollView","node":{"__id__":14},"content":{"__id__":20},"horizontal":false,"brake":0.75,"bounceDuration":0.23,"_N$horizontalScrollBar":null,"_N$verticalScrollBar":{"__id__":18}},{"__type__":"cc.Node","_name":"content","_parent":{"__id__":21},"_components":[{"__type__":"cc.Layout","node":{"__id__":20},"_layoutSize":{"__type__":"cc.Size","width":210,"height":40},"_resize":1,"_N$layoutType":2,"_N$spacingY":5}],"_prefab":{"__type__":"cc.PrefabInfo","root":{"__id__":1},"asset":{"__uuid__":"1dBXqz8gxGerZynF0lFSIR"},"fileId":"38dYCua6NFer7/XMO4uNrN"},"_anchorPoint":{"__type__":"cc.Vec2","x":0.5,"y":1},"_contentSize":{"__type__":"cc.Size","width":210,"height":40},"_position":{"__type__":"cc.Vec2","y":124.9}},{"__type__":"cc.Node","_name":"view","_parent":{"__id__":14},"_children":[{"__id__":20}],"_components":[{"__type__":"cc.Mask","node":{"__id__":21}}],"_prefab":{"__type__":"cc.PrefabInfo","root":{"__id__":1},"asset":{"__uuid__":"1dBXqz8gxGerZynF0lFSIR"},"fileId":"4bqXWfml9JZYQzSLHh6ZvK"},"_contentSize":{"__type__":"cc.Size","width":210,"height":250}},{"__type__":"cc.Node","_name":"add","_parent":{"__id__":12},"_children":[{"__id__":23}],"_components":[{"__type__":"cc.Sprite","node":{"__id__":22},"_spriteFrame":{"__uuid__":"f0BIwQ8D5Ml7nTNQbh1YlS"},"_type":1,"_sizeMode":0},{"__type__":"cc.Button","node":{"__id__":22},"transition":2,"pressedColor":{"__type__":"cc.Color","r":255,"g":255,"b":255},"clickEvents":[{"__type__":"cc.ClickEvent","target":{"__id__":1},"component":"Variable","handler":"add"}],"_N$normalColor":{"__type__":"cc.Color","r":255,"g":255,"b":255},"_N$disabledColor":{"__type__":"cc.Color","r":255,"g":255,"b":255},"_N$normalSprite":{"__uuid__":"f0BIwQ8D5Ml7nTNQbh1YlS"},"_N$pressedSprite":{"__uuid__":"e97GVMl6JHh5Ml5qEDdSGa"},"pressedSprite":{"__uuid__":"e97GVMl6JHh5Ml5qEDdSGa"},"_N$hoverSprite":{"__uuid__":"e97GVMl6JHh5Ml5qEDdSGa"},"hoverSprite":{"__uuid__":"e97GVMl6JHh5Ml5qEDdSGa"},"_N$disabledSprite":{"__uuid__":"29FYIk+N1GYaeWH/q1NxQO"},"_N$target":{"__id__":22}}],"_prefab":{"__type__":"cc.PrefabInfo","root":{"__id__":1},"asset":{"__uuid__":"1dBXqz8gxGerZynF0lFSIR"},"fileId":"06l+oZZ+pDJbeBuZNAteNH"},"_contentSize":{"__type__":"cc.Size","width":60,"height":30},"_position":{"__type__":"cc.Vec2","x":145,"y":-285}},{"__type__":"cc.Node","_name":"Label","_parent":{"__id__":22},"_components":[{"__type__":"cc.Label","node":{"__id__":23},"_useOriginalSize":false,"_actualFontSize":20,"_fontSize":20,"_enableWrapText":false,"_N$string":"add","_N$horizontalAlign":1,"_N$verticalAlign":1,"_N$overflow":1}],"_prefab":{"__type__":"cc.PrefabInfo","root":{"__id__":1},"asset":{"__uuid__":"1dBXqz8gxGerZynF0lFSIR"},"fileId":"c03curopJJi7EQjEzYEhe+"},"_color":{"__type__":"cc.Color"},"_contentSize":{"__type__":"cc.Size","width":100,"height":40}},{"__type__":"cc.Node","_name":"del","_parent":{"__id__":12},"_children":[{"__id__":25}],"_components":[{"__type__":"cc.Sprite","node":{"__id__":24},"_spriteFrame":{"__uuid__":"f0BIwQ8D5Ml7nTNQbh1YlS"},"_type":1,"_sizeMode":0},{"__type__":"cc.Button","node":{"__id__":24},"transition":2,"pressedColor":{"__type__":"cc.Color","r":255,"g":255,"b":255},"clickEvents":[{"__type__":"cc.ClickEvent","target":{"__id__":1},"component":"Variable","handler":"del"}],"_N$normalColor":{"__type__":"cc.Color","r":255,"g":255,"b":255},"_N$disabledColor":{"__type__":"cc.Color","r":255,"g":255,"b":255},"_N$normalSprite":{"__uuid__":"f0BIwQ8D5Ml7nTNQbh1YlS"},"_N$pressedSprite":{"__uuid__":"e97GVMl6JHh5Ml5qEDdSGa"},"pressedSprite":{"__uuid__":"e97GVMl6JHh5Ml5qEDdSGa"},"_N$hoverSprite":{"__uuid__":"e97GVMl6JHh5Ml5qEDdSGa"},"hoverSprite":{"__uuid__":"e97GVMl6JHh5Ml5qEDdSGa"},"_N$disabledSprite":{"__uuid__":"29FYIk+N1GYaeWH/q1NxQO"},"_N$target":{"__id__":24}}],"_prefab":{"__type__":"cc.PrefabInfo","root":{"__id__":1},"asset":{"__uuid__":"1dBXqz8gxGerZynF0lFSIR"},"fileId":"55uOYREYJJgbDYFx1g3fSL"},"_contentSize":{"__type__":"cc.Size","width":60,"height":30},"_position":{"__type__":"cc.Vec2","x":212,"y":-285}},{"__type__":"cc.Node","_name":"Label","_parent":{"__id__":24},"_components":[{"__type__":"cc.Label","node":{"__id__":25},"_useOriginalSize":false,"_actualFontSize":20,"_fontSize":20,"_enableWrapText":false,"_N$string":"del","_N$horizontalAlign":1,"_N$verticalAlign":1,"_N$overflow":1}],"_prefab":{"__type__":"cc.PrefabInfo","root":{"__id__":1},"asset":{"__uuid__":"1dBXqz8gxGerZynF0lFSIR"},"fileId":"bd+IQQT4tNopJFI9JwDnvu"},"_color":{"__type__":"cc.Color"},"_contentSize":{"__type__":"cc.Size","width":100,"height":40}},{"__type__":"cc.Node","_name":"const","_parent":{"__id__":1},"_children":[{"__id__":27}],"_components":[{"__type__":"cc.ToggleContainer","node":{"__id__":26}}],"_prefab":{"__type__":"cc.PrefabInfo","root":{"__id__":1},"asset":{"__uuid__":"1dBXqz8gxGerZynF0lFSIR"},"fileId":"05YFN9HUJIiLHXBxYkcEIB"},"_contentSize":{"__type__":"cc.Size","width":60,"height":60},"_position":{"__type__":"cc.Vec2","x":73,"y":25}},{"__type__":"cc.Node","_name":"text","_parent":{"__id__":26},"_components":[{"__id__":28}],"_prefab":{"__type__":"cc.PrefabInfo","root":{"__id__":1},"asset":{"__uuid__":"1dBXqz8gxGerZynF0lFSIR"},"fileId":"1b763vQ5FCtqEkXasfh6Co"},"_contentSize":{"__type__":"cc.Size","width":55,"height":30}},{"__type__":"cc.EditBox","node":{"__id__":27},"_useOriginalSize":false,"_N$backgroundImage":{"__uuid__":"675ovJ2tVK2aLYfgPUWOMv"},"_N$inputMode":6,"_N$fontSize":15,"_N$fontColor":{"__type__":"cc.Color"},"_N$placeholder":"常量？","_N$maxLength":8},{"__type__":"cc.Node","_name":"bullets","_parent":{"__id__":1},"_prefab":{"__type__":"cc.PrefabInfo","root":{"__id__":1},"asset":{"__uuid__":"1dBXqz8gxGerZynF0lFSIR"},"fileId":"8afE5FLgpKaJwdckb9tosg"}},{"__type__":"cc.Node","_name":"i_","_parent":{"__id__":1},"_children":[{"__id__":31}],"_prefab":{"__type__":"cc.PrefabInfo","root":{"__id__":1},"asset":{"__uuid__":"1dBXqz8gxGerZynF0lFSIR"},"fileId":"8eoE8FgQlH/rLHQA6oMWMr"},"_anchorPoint":{"__type__":"cc.Vec2","y":0.5},"_position":{"__type__":"cc.Vec2","x":104,"y":-9}},{"__type__":"cc.Node","_name":"Label","_parent":{"__id__":30},"_components":[{"__id__":32}],"_prefab":{"__type__":"cc.PrefabInfo","root":{"__id__":1},"asset":{"__uuid__":"1dBXqz8gxGerZynF0lFSIR"},"fileId":"94ZY2lNFJEjqHQUuhcV+8Y"},"_anchorPoint":{"__type__":"cc.Vec2","y":0.5},"_contentSize":{"__type__":"cc.Size","width":50,"height":40}},{"__type__":"cc.Label","node":{"__id__":31},"_useOriginalSize":false,"_actualFontSize":20,"_fontSize":20,"_N$string":"-","_N$horizontalAlign":1,"_N$verticalAlign":1,"_N$overflow":3},{"__type__":"cc.Node","_name":"btn_i","_parent":{"__id__":1},"_components":[{"__type__":"cc.Sprite","node":{"__id__":33},"_spriteFrame":{"__uuid__":"f0BIwQ8D5Ml7nTNQbh1YlS"},"_type":1,"_sizeMode":0},{"__type__":"cc.Button","node":{"__id__":33},"transition":2,"pressedColor":{"__type__":"cc.Color","r":255,"g":255,"b":255},"clickEvents":[{"__type__":"cc.ClickEvent","target":{"__id__":1},"component":"ui_variable","handler":"show_i"}],"_N$normalColor":{"__type__":"cc.Color","r":255,"g":255,"b":255},"_N$disabledColor":{"__type__":"cc.Color","r":255,"g":255,"b":255},"_N$normalSprite":{"__uuid__":"f0BIwQ8D5Ml7nTNQbh1YlS"},"_N$pressedSprite":{"__uuid__":"e97GVMl6JHh5Ml5qEDdSGa"},"pressedSprite":{"__uuid__":"e97GVMl6JHh5Ml5qEDdSGa"},"_N$hoverSprite":{"__uuid__":"e97GVMl6JHh5Ml5qEDdSGa"},"hoverSprite":{"__uuid__":"e97GVMl6JHh5Ml5qEDdSGa"},"_N$disabledSprite":{"__uuid__":"29FYIk+N1GYaeWH/q1NxQO"},"_N$target":{"__id__":33}}],"_prefab":{"__type__":"cc.PrefabInfo","root":{"__id__":1},"asset":{"__uuid__":"1dBXqz8gxGerZynF0lFSIR"},"fileId":"c71UAAkNBOVphWMiPdxoDM"},"_contentSize":{"__type__":"cc.Size","width":20,"height":20},"_position":{"__type__":"cc.Vec2","x":122.4,"y":-39.8}}],[{"__type__":"cc.Prefab","_name":"function","data":{"__id__":1},"asyncLoadAssets":null},{"__type__":"cc.Node","_name":"function","_children":[{"__id__":2},{"__id__":4},{"__id__":5},{"__id__":10},{"__id__":12},{"__id__":13},{"__id__":14},{"__id__":18},{"__type__":"cc.Node","_name":"bullets","_parent":{"__id__":1},"_prefab":{"__type__":"cc.PrefabInfo","root":{"__id__":1},"asset":{"__uuid__":"1dUZo2eTdKoYrJn1bmFwxf"},"fileId":"a7nnpllBBLg4olZKg89Vzs"},"_position":{"__type__":"cc.Vec2","x":-43.4,"y":29.5}}],"_components":[{"__type__":"29112/PGWBLB7eD8AK3AUVP","node":{"__id__":1},"serial_":{"__id__":48},"name_f_":{"__id__":9},"names_in":{"__id__":22},"names_out":{"__id__":25},"current_other_":{"__id__":61},"codes_pre_":{"__id__":35},"codes_main_":{"__id__":45},"trans_mode_":{"__id__":65}},{"__type__":"2c012UPHZlCWb/66dOyRmvv","node":{"__id__":1},"menu":{"__id__":18},"handle":{"__id__":4},"menu_more":{"__id__":46},"dash_arrow":{"__uuid__":"93BlmbdmhMuJWhTuRW6vZB"},"line_arrow":{"__uuid__":"07bWV8l8FAGraRDh+24GPS"},"name_":{"__id__":5},"step":{"__id__":57},"i_":{"__id__":53},"bullet":{"__uuid__":"9aZFZXildBKptB95UlPWvo"},"init_":{"__id__":14},"state_":{"__id__":10}}],"_prefab":{"__type__":"cc.PrefabInfo","root":{"__id__":1},"asset":{"__uuid__":"1dUZo2eTdKoYrJn1bmFwxf"},"fileId":"403Fzdg/ZEHJvI+GBfv/sM"}},{"__type__":"cc.Node","_name":"open","_parent":{"__id__":1},"_children":[{"__id__":3}],"_components":[{"__type__":"cc.Sprite","node":{"__id__":2},"_spriteFrame":{"__uuid__":"f0BIwQ8D5Ml7nTNQbh1YlS"},"_type":1,"_sizeMode":0},{"__type__":"cc.Button","node":{"__id__":2},"transition":3,"pressedColor":{"__type__":"cc.Color","r":255,"g":255,"b":255},"clickEvents":[{"__type__":"cc.ClickEvent","target":{"__id__":1},"component":"ui_function","handler":"deal_menu"}],"_N$normalColor":{"__type__":"cc.Color","r":255,"g":255,"b":255},"_N$disabledColor":{"__type__":"cc.Color","r":255,"g":255,"b":255},"_N$normalSprite":{"__uuid__":"f0BIwQ8D5Ml7nTNQbh1YlS"},"_N$pressedSprite":{"__uuid__":"e97GVMl6JHh5Ml5qEDdSGa"},"pressedSprite":{"__uuid__":"e97GVMl6JHh5Ml5qEDdSGa"},"_N$hoverSprite":{"__uuid__":"e97GVMl6JHh5Ml5qEDdSGa"},"hoverSprite":{"__uuid__":"e97GVMl6JHh5Ml5qEDdSGa"},"_N$disabledSprite":{"__uuid__":"29FYIk+N1GYaeWH/q1NxQO"},"_N$target":{"__id__":2}}],"_prefab":{"__type__":"cc.PrefabInfo","root":{"__id__":1},"asset":{"__uuid__":"1dUZo2eTdKoYrJn1bmFwxf"},"fileId":"davIcoM7tKcqpo69Vh25Ex"},"_contentSize":{"__type__":"cc.Size","width":10,"height":10},"_position":{"__type__":"cc.Vec2","x":87,"y":68.8}},{"__type__":"cc.Node","_name":"New Label","_parent":{"__id__":2},"_components":[{"__type__":"cc.Label","node":{"__id__":3},"_useOriginalSize":false,"_actualFontSize":10,"_fontSize":10,"_lineHeight":10,"_N$string":">","_N$horizontalAlign":1,"_N$verticalAlign":1,"_N$overflow":3}],"_prefab":{"__type__":"cc.PrefabInfo","root":{"__id__":1},"asset":{"__uuid__":"1dUZo2eTdKoYrJn1bmFwxf"},"fileId":"16xQLUHQpOEKBdm5rIzVoj"},"_color":{"__type__":"cc.Color"},"_contentSize":{"__type__":"cc.Size","width":10,"height":10}},{"__type__":"cc.Node","_name":"handle","_parent":{"__id__":1},"_prefab":{"__type__":"cc.PrefabInfo","root":{"__id__":1},"asset":{"__uuid__":"1dUZo2eTdKoYrJn1bmFwxf"},"fileId":"1ap3MHFPFC765RLXtwScO0"},"_contentSize":{"__type__":"cc.Size","width":221.8,"height":59.8},"_position":{"__type__":"cc.Vec2","x":-30.2,"y":44.8}},{"__type__":"cc.Node","_name":"name","_parent":{"__id__":1},"_children":[{"__id__":6},{"__id__":7},{"__id__":8}],"_prefab":{"__type__":"cc.PrefabInfo","root":{"__id__":1},"asset":{"__uuid__":"1dUZo2eTdKoYrJn1bmFwxf"},"fileId":"03RMC7QzFG5oRwyFxiwvfQ"},"_position":{"__type__":"cc.Vec2","x":-74,"y":72}},{"__type__":"cc.Node","_name":"bg","_parent":{"__id__":5},"_components":[{"__type__":"cc.Sprite","node":{"__id__":6},"_spriteFrame":{"__uuid__":"a2MjXRFdtLlYQ5ouAFv/+R"},"_sizeMode":0}],"_prefab":{"__type__":"cc.PrefabInfo","root":{"__id__":1},"asset":{"__uuid__":"1dUZo2eTdKoYrJn1bmFwxf"},"fileId":"c8D6R03vpOLbtKfOct+u97"},"_color":{"__type__":"cc.Color","b":255},"_anchorPoint":{"__type__":"cc.Vec2","x":0.49641874640701344,"y":0.5},"_contentSize":{"__type__":"cc.Size","width":222.1,"height":57.5},"_position":{"__type__":"cc.Vec2","x":42.8,"y":-26.4}},{"__type__":"cc.Node","_name":"bg","_parent":{"__id__":5},"_components":[{"__type__":"cc.Sprite","node":{"__id__":7},"_spriteFrame":{"__uuid__":"a2MjXRFdtLlYQ5ouAFv/+R"},"_sizeMode":0}],"_prefab":{"__type__":"cc.PrefabInfo","root":{"__id__":1},"asset":{"__uuid__":"1dUZo2eTdKoYrJn1bmFwxf"},"fileId":"dbv2cQ8KhIGYToBP5V4i/w"},"_anchorPoint":{"__type__":"cc.Vec2","y":1},"_contentSize":{"__type__":"cc.Size","width":150,"height":53.2}},{"__type__":"cc.Node","_name":"text","_parent":{"__id__":5},"_components":[{"__id__":9}],"_prefab":{"__type__":"cc.PrefabInfo","root":{"__id__":1},"asset":{"__uuid__":"1dUZo2eTdKoYrJn1bmFwxf"},"fileId":"e7lfOilzFGfZ2WJ+ohi1Ex"},"_opacity":0,"_anchorPoint":{"__type__":"cc.Vec2","y":1},"_contentSize":{"__type__":"cc.Size","width":150,"height":53.2}},{"__type__":"cc.EditBox","node":{"__id__":8},"_useOriginalSize":false,"_N$fontColor":{"__type__":"cc.Color"},"_N$placeholder":"任务名称","_N$placeholderFontColor":{"__type__":"cc.Color","r":111,"g":111,"b":111},"_N$maxLength":200},{"__type__":"cc.Node","_name":"state","_parent":{"__id__":1},"_children":[{"__id__":11}],"_components":[{"__type__":"cc.Sprite","node":{"__id__":10},"_spriteFrame":{"__uuid__":"8855/VlrRKd6H0MSRnFxAU"},"_sizeMode":0}],"_prefab":{"__type__":"cc.PrefabInfo","root":{"__id__":1},"asset":{"__uuid__":"1dUZo2eTdKoYrJn1bmFwxf"},"fileId":"55lgJc6eZC/Z0A0vOmB/Vd"},"_anchorPoint":{"__type__":"cc.Vec2","y":0.5},"_contentSize":{"__type__":"cc.Size","width":60,"height":10},"_position":{"__type__":"cc.Vec2","x":-138,"y":27.4}},{"__type__":"cc.Node","_name":"bar","_parent":{"__id__":10},"_components":[{"__type__":"cc.Sprite","node":{"__id__":11},"_spriteFrame":{"__uuid__":"a2MjXRFdtLlYQ5ouAFv/+R"},"_sizeMode":0}],"_prefab":{"__type__":"cc.PrefabInfo","root":{"__id__":1},"asset":{"__uuid__":"1dUZo2eTdKoYrJn1bmFwxf"},"fileId":"cfLQMiLHxH9apg1n6btnE4"},"_anchorPoint":{"__type__":"cc.Vec2","y":0.5},"_contentSize":{"__type__":"cc.Size","width":60,"height":10},"_scaleX":0},{"__type__":"cc.Node","_name":"lines_arrows","_parent":{"__id__":1},"_components":[{"__type__":"f3fb25u+pJPT68F2zpPMz5R","node":{"__id__":12}}],"_prefab":{"__type__":"cc.PrefabInfo","root":{"__id__":1},"asset":{"__uuid__":"1dUZo2eTdKoYrJn1bmFwxf"},"fileId":"3beXmGQatFjp+dwGnkFpn2"},"_position":{"__type__":"cc.Vec2","x":-94.8,"y":17}},{"__type__":"cc.Node","_name":"dash_arrows","_parent":{"__id__":1},"_components":[{"__type__":"a0262rvIJFDU6xwtaCTQJDW","node":{"__id__":13}}],"_prefab":{"__type__":"cc.PrefabInfo","root":{"__id__":1},"asset":{"__uuid__":"1dUZo2eTdKoYrJn1bmFwxf"},"fileId":"eeKDYUi/hMlJKtPrRm6dOI"},"_position":{"__type__":"cc.Vec2","x":-124,"y":17}},{"__type__":"cc.Node","_name":"init_","_parent":{"__id__":1},"_children":[{"__id__":15},{"__id__":16}],"_prefab":{"__type__":"cc.PrefabInfo","root":{"__id__":1},"asset":{"__uuid__":"1dUZo2eTdKoYrJn1bmFwxf"},"fileId":"16QZl5YOFITJ3F69Bzohes"},"_position":{"__type__":"cc.Vec2","x":-107.7,"y":57}},{"__type__":"cc.Node","_name":"bg","_parent":{"__id__":14},"_components":[{"__type__":"cc.Sprite","node":{"__id__":15},"_spriteFrame":{"__uuid__":"a2MjXRFdtLlYQ5ouAFv/+R"},"_sizeMode":0}],"_prefab":{"__type__":"cc.PrefabInfo","root":{"__id__":1},"asset":{"__uuid__":"1dUZo2eTdKoYrJn1bmFwxf"},"fileId":"3aPxst5VhLb64VqL3+vod/"},"_contentSize":{"__type__":"cc.Size","width":60,"height":30}},{"__type__":"cc.Node","_name":"text","_parent":{"__id__":14},"_components":[{"__id__":17}],"_prefab":{"__type__":"cc.PrefabInfo","root":{"__id__":1},"asset":{"__uuid__":"1dUZo2eTdKoYrJn1bmFwxf"},"fileId":"1f/E1F0LxJdqavEwso/Q4u"},"_opacity":0,"_contentSize":{"__type__":"cc.Size","width":60,"height":30}},{"__type__":"cc.EditBox","node":{"__id__":16},"_useOriginalSize":false,"_N$backgroundImage":{"__uuid__":"675ovJ2tVK2aLYfgPUWOMv"},"_N$inputMode":6,"_N$fontSize":25,"_N$fontColor":{"__type__":"cc.Color"},"_N$placeholder":"步号","_N$placeholderFontColor":{"__type__":"cc.Color","r":111,"g":111,"b":111},"_N$maxLength":16},{"__type__":"cc.Node","_name":"menu","_parent":{"__id__":1},"_children":[{"__id__":19},{"__id__":20},{"__id__":23},{"__id__":26},{"__id__":36},{"__id__":46},{"__id__":73}],"_prefab":{"__type__":"cc.PrefabInfo","root":{"__id__":1},"asset":{"__uuid__":"1dUZo2eTdKoYrJn1bmFwxf"},"fileId":"77XKD4RCFBwazCaw1RvoFG"},"_contentSize":{"__type__":"cc.Size","width":270,"height":200},"_position":{"__type__":"cc.Vec2","x":231,"y":-27}},{"__type__":"cc.Node","_name":"bg","_parent":{"__id__":18},"_components":[{"__type__":"cc.Sprite","node":{"__id__":19},"_spriteFrame":{"__uuid__":"a2MjXRFdtLlYQ5ouAFv/+R"},"_sizeMode":0}],"_prefab":{"__type__":"cc.PrefabInfo","root":{"__id__":1},"asset":{"__uuid__":"1dUZo2eTdKoYrJn1bmFwxf"},"fileId":"82JW7PyT5LOJqA+om5+E5P"},"_color":{"__type__":"cc.Color","r":20,"b":255},"_contentSize":{"__type__":"cc.Size","width":270,"height":200}},{"__type__":"cc.Node","_name":"vs_in","_parent":{"__id__":18},"_children":[{"__id__":21}],"_prefab":{"__type__":"cc.PrefabInfo","root":{"__id__":1},"asset":{"__uuid__":"1dUZo2eTdKoYrJn1bmFwxf"},"fileId":"daBYH4zItLXa3riFRPtMCd"},"_position":{"__type__":"cc.Vec2","x":-126,"y":70}},{"__type__":"cc.Node","_name":"text","_parent":{"__id__":20},"_components":[{"__id__":22}],"_prefab":{"__type__":"cc.PrefabInfo","root":{"__id__":1},"asset":{"__uuid__":"1dUZo2eTdKoYrJn1bmFwxf"},"fileId":"6c1QB2jHBEO5FShrO5fe1E"},"_opacity":0,"_anchorPoint":{"__type__":"cc.Vec2","y":0.5},"_contentSize":{"__type__":"cc.Size","width":120,"height":40}},{"__type__":"cc.EditBox","node":{"__id__":21},"_useOriginalSize":false,"_N$backgroundImage":{"__uuid__":"675ovJ2tVK2aLYfgPUWOMv"},"_N$inputMode":6,"_N$fontColor":{"__type__":"cc.Color"},"_N$placeholder":"输入变量","_N$placeholderFontColor":{"__type__":"cc.Color","r":111,"g":111,"b":111},"_N$maxLength":16},{"__type__":"cc.Node","_name":"vs_out","_parent":{"__id__":18},"_children":[{"__id__":24}],"_prefab":{"__type__":"cc.PrefabInfo","root":{"__id__":1},"asset":{"__uuid__":"1dUZo2eTdKoYrJn1bmFwxf"},"fileId":"60FXBK+09GW6TSKeUiIBMo"},"_anchorPoint":{"__type__":"cc.Vec2","y":0.5},"_position":{"__type__":"cc.Vec2","x":3,"y":69}},{"__type__":"cc.Node","_name":"text","_parent":{"__id__":23},"_components":[{"__id__":25}],"_prefab":{"__type__":"cc.PrefabInfo","root":{"__id__":1},"asset":{"__uuid__":"1dUZo2eTdKoYrJn1bmFwxf"},"fileId":"950/etxkFB+bEBf0+6cMu6"},"_opacity":0,"_anchorPoint":{"__type__":"cc.Vec2","y":0.5},"_contentSize":{"__type__":"cc.Size","width":120,"height":40}},{"__type__":"cc.EditBox","node":{"__id__":24},"_useOriginalSize":false,"_N$backgroundImage":{"__uuid__":"675ovJ2tVK2aLYfgPUWOMv"},"_N$inputMode":6,"_N$fontColor":{"__type__":"cc.Color"},"_N$placeholder":"输出变量","_N$placeholderFontColor":{"__type__":"cc.Color","r":111,"g":111,"b":111},"_N$maxLength":16},{"__type__":"cc.Node","_name":"func_pre","_parent":{"__id__":18},"_children":[{"__id__":27},{"__id__":33}],"_components":[{"__type__":"cc.Sprite","node":{"__id__":26},"_spriteFrame":{"__uuid__":"9bvaMerUlDyary99mJa6xp"},"_type":1,"_sizeMode":0},{"__id__":31}],"_prefab":{"__type__":"cc.PrefabInfo","root":{"__id__":1},"asset":{"__uuid__":"1dUZo2eTdKoYrJn1bmFwxf"},"fileId":"baTvPYLttKrYQZvjDRz3gp"},"_color":{"__type__":"cc.Color","r":184,"g":184,"b":184},"_contentSize":{"__type__":"cc.Size","width":250,"height":50},"_position":{"__type__":"cc.Vec2","x":-1,"y":19}},{"__type__":"cc.Node","_name":"scrollBar","_parent":{"__id__":26},"_children":[{"__id__":28}],"_active":false,"_components":[{"__id__":30},{"__type__":"cc.Widget","node":{"__id__":27},"_alignFlags":37,"_left":350.07654921020657,"_originalHeight":237},{"__type__":"cc.Sprite","node":{"__id__":27},"_spriteFrame":{"__uuid__":"5f5dyqtRNNxaFmVzYns6FZ"},"_type":1,"_sizeMode":0}],"_prefab":{"__type__":"cc.PrefabInfo","root":{"__id__":1},"asset":{"__uuid__":"1dUZo2eTdKoYrJn1bmFwxf"},"fileId":"dcAbIoQHtLa6YCjkQJzW/z"},"_color":{"__type__":"cc.Color","r":238,"g":217,"b":227},"_anchorPoint":{"__type__":"cc.Vec2","x":1,"y":0.5},"_contentSize":{"__type__":"cc.Size","width":12,"height":197},"_position":{"__type__":"cc.Vec2","x":198}},{"__type__":"cc.Node","_name":"bar","_parent":{"__id__":27},"_components":[{"__id__":29}],"_prefab":{"__type__":"cc.PrefabInfo","root":{"__id__":1},"asset":{"__uuid__":"1dUZo2eTdKoYrJn1bmFwxf"},"fileId":"81M9NpApJM15o98avTffl6"},"_color":{"__type__":"cc.Color","r":236,"g":241,"b":245},"_anchorPoint":{"__type__":"cc.Vec2","x":1},"_contentSize":{"__type__":"cc.Size","width":10,"height":30},"_position":{"__type__":"cc.Vec2","x":-1}},{"__type__":"cc.Sprite","node":{"__id__":28},"_spriteFrame":{"__uuid__":"5cO7kybDxGj4ipyMYdRYZB"},"_type":1,"_sizeMode":0},{"__type__":"cc.Scrollbar","node":{"__id__":27},"_scrollView":{"__id__":31},"_N$handle":{"__id__":29},"_N$direction":1},{"__type__":"cc.ScrollView","node":{"__id__":26},"content":{"__id__":32},"horizontal":false,"brake":0.75,"bounceDuration":0.23,"_N$horizontalScrollBar":null,"_N$verticalScrollBar":{"__id__":30}},{"__type__":"cc.Node","_name":"content","_parent":{"__id__":33},"_children":[{"__id__":34}],"_prefab":{"__type__":"cc.PrefabInfo","root":{"__id__":1},"asset":{"__uuid__":"1dUZo2eTdKoYrJn1bmFwxf"},"fileId":"64roKLw4VLrI3V0d2Zc679"},"_contentSize":{"__type__":"cc.Size","width":250,"height":50}},{"__type__":"cc.Node","_name":"view","_parent":{"__id__":26},"_children":[{"__id__":32}],"_components":[{"__type__":"cc.Mask","node":{"__id__":33}}],"_prefab":{"__type__":"cc.PrefabInfo","root":{"__id__":1},"asset":{"__uuid__":"1dUZo2eTdKoYrJn1bmFwxf"},"fileId":"7770y+vB5DmLNEoqBYVJmC"},"_contentSize":{"__type__":"cc.Size","width":250,"height":50}},{"__type__":"cc.Node","_name":"text","_parent":{"__id__":32},"_components":[{"__id__":35}],"_prefab":{"__type__":"cc.PrefabInfo","root":{"__id__":1},"asset":{"__uuid__":"1dUZo2eTdKoYrJn1bmFwxf"},"fileId":"8b5of8Ci9OzIDBnT/0FLXI"},"_contentSize":{"__type__":"cc.Size","width":250,"height":50}},{"__type__":"cc.EditBox","node":{"__id__":34},"_useOriginalSize":false,"_N$backgroundImage":{"__uuid__":"675ovJ2tVK2aLYfgPUWOMv"},"_N$fontColor":{"__type__":"cc.Color"},"_N$placeholder":"判断依据","_N$maxLength":500},{"__type__":"cc.Node","_name":"func_main","_parent":{"__id__":18},"_children":[{"__id__":37},{"__id__":43}],"_components":[{"__type__":"cc.Sprite","node":{"__id__":36},"_spriteFrame":{"__uuid__":"9bvaMerUlDyary99mJa6xp"},"_type":1,"_sizeMode":0},{"__id__":41}],"_prefab":{"__type__":"cc.PrefabInfo","root":{"__id__":1},"asset":{"__uuid__":"1dUZo2eTdKoYrJn1bmFwxf"},"fileId":"9bT33v6LFJXKhiIRaDtBVe"},"_color":{"__type__":"cc.Color","r":184,"g":184,"b":184},"_contentSize":{"__type__":"cc.Size","width":250,"height":80},"_position":{"__type__":"cc.Vec2","x":-2,"y":-52}},{"__type__":"cc.Node","_name":"scrollBar","_parent":{"__id__":36},"_children":[{"__id__":38}],"_active":false,"_components":[{"__id__":40},{"__type__":"cc.Widget","node":{"__id__":37},"_alignFlags":37,"_left":350.07654921020657,"_originalHeight":237},{"__type__":"cc.Sprite","node":{"__id__":37},"_spriteFrame":{"__uuid__":"5f5dyqtRNNxaFmVzYns6FZ"},"_type":1,"_sizeMode":0}],"_prefab":{"__type__":"cc.PrefabInfo","root":{"__id__":1},"asset":{"__uuid__":"1dUZo2eTdKoYrJn1bmFwxf"},"fileId":"8au8VIjdNHaqk5n7Q3Vpwo"},"_color":{"__type__":"cc.Color","r":238,"g":217,"b":227},"_anchorPoint":{"__type__":"cc.Vec2","x":1,"y":0.5},"_contentSize":{"__type__":"cc.Size","width":12,"height":197},"_position":{"__type__":"cc.Vec2","x":198}},{"__type__":"cc.Node","_name":"bar","_parent":{"__id__":37},"_components":[{"__id__":39}],"_prefab":{"__type__":"cc.PrefabInfo","root":{"__id__":1},"asset":{"__uuid__":"1dUZo2eTdKoYrJn1bmFwxf"},"fileId":"10oMElr7hEgogcLtgDvg06"},"_color":{"__type__":"cc.Color","r":236,"g":241,"b":245},"_anchorPoint":{"__type__":"cc.Vec2","x":1},"_contentSize":{"__type__":"cc.Size","width":10,"height":30},"_position":{"__type__":"cc.Vec2","x":-1}},{"__type__":"cc.Sprite","node":{"__id__":38},"_spriteFrame":{"__uuid__":"5cO7kybDxGj4ipyMYdRYZB"},"_type":1,"_sizeMode":0},{"__type__":"cc.Scrollbar","node":{"__id__":37},"_scrollView":{"__id__":41},"_N$handle":{"__id__":39},"_N$direction":1},{"__type__":"cc.ScrollView","node":{"__id__":36},"content":{"__id__":42},"horizontal":false,"brake":0.75,"bounceDuration":0.23,"_N$horizontalScrollBar":null,"_N$verticalScrollBar":{"__id__":40}},{"__type__":"cc.Node","_name":"content","_parent":{"__id__":43},"_children":[{"__id__":44}],"_prefab":{"__type__":"cc.PrefabInfo","root":{"__id__":1},"asset":{"__uuid__":"1dUZo2eTdKoYrJn1bmFwxf"},"fileId":"38A2s1sfhGcZ8nvm/D445D"},"_contentSize":{"__type__":"cc.Size","width":250,"height":80}},{"__type__":"cc.Node","_name":"view","_parent":{"__id__":36},"_children":[{"__id__":42}],"_components":[{"__type__":"cc.Mask","node":{"__id__":43}}],"_prefab":{"__type__":"cc.PrefabInfo","root":{"__id__":1},"asset":{"__uuid__":"1dUZo2eTdKoYrJn1bmFwxf"},"fileId":"5cBmiNJHBM56/piRhPVofa"},"_contentSize":{"__type__":"cc.Size","width":250,"height":80}},{"__type__":"cc.Node","_name":"text","_parent":{"__id__":42},"_components":[{"__id__":45}],"_prefab":{"__type__":"cc.PrefabInfo","root":{"__id__":1},"asset":{"__uuid__":"1dUZo2eTdKoYrJn1bmFwxf"},"fileId":"b7KKkeNXtGuL3rVEN0QNr4"},"_contentSize":{"__type__":"cc.Size","width":250,"height":80}},{"__type__":"cc.EditBox","node":{"__id__":44},"_useOriginalSize":false,"_N$backgroundImage":{"__uuid__":"675ovJ2tVK2aLYfgPUWOMv"},"_N$fontColor":{"__type__":"cc.Color"},"_N$placeholder":"任务内容","_N$maxLength":500},{"__type__":"cc.Node","_name":"menu_more","_parent":{"__id__":18},"_children":[{"__id__":47},{"__id__":48},{"__id__":59},{"__id__":66},{"__id__":58},{"__id__":55}],"_prefab":{"__type__":"cc.PrefabInfo","root":{"__id__":1},"asset":{"__uuid__":"1dUZo2eTdKoYrJn1bmFwxf"},"fileId":"a7e6io00dPb4sYiMWaDPj3"},"_position":{"__type__":"cc.Vec2","x":231,"y":2}},{"__type__":"cc.Node","_name":"bg","_parent":{"__id__":46},"_components":[{"__type__":"cc.Sprite","node":{"__id__":47},"_spriteFrame":{"__uuid__":"a2MjXRFdtLlYQ5ouAFv/+R"},"_sizeMode":0}],"_prefab":{"__type__":"cc.PrefabInfo","root":{"__id__":1},"asset":{"__uuid__":"1dUZo2eTdKoYrJn1bmFwxf"},"fileId":"cerSPmNQpKMYu4657D2g1S"},"_color":{"__type__":"cc.Color","r":165,"g":65,"b":129},"_contentSize":{"__type__":"cc.Size","width":146,"height":196}},{"__type__":"cc.Node","_name":"serial","_parent":{"__id__":46},"_children":[{"__id__":49}],"_components":[{"__type__":"c001eWi6+1BXrfLAWqQNfND","node":{"__id__":48},"init_":{"__id__":17},"next_":{"__id__":51},"i_":{"__id__":53},"show":{"__id__":57}}],"_prefab":{"__type__":"cc.PrefabInfo","root":{"__id__":1},"asset":{"__uuid__":"1dUZo2eTdKoYrJn1bmFwxf"},"fileId":"aclWhgO0ZIloNNF0GjumTG"},"_position":{"__type__":"cc.Vec2","x":-160.2,"y":84.4}},{"__type__":"cc.Node","_name":"next","_parent":{"__id__":48},"_children":[{"__id__":50},{"__id__":52}],"_prefab":{"__type__":"cc.PrefabInfo","root":{"__id__":1},"asset":{"__uuid__":"1dUZo2eTdKoYrJn1bmFwxf"},"fileId":"16JixwLnFBobPzJCCs7oyF"},"_position":{"__type__":"cc.Vec2","x":378,"y":-127}},{"__type__":"cc.Node","_name":"text","_parent":{"__id__":49},"_components":[{"__id__":51}],"_prefab":{"__type__":"cc.PrefabInfo","root":{"__id__":1},"asset":{"__uuid__":"1dUZo2eTdKoYrJn1bmFwxf"},"fileId":"9f/ECZHWBGGLxK5GEyhG/E"},"_opacity":0,"_contentSize":{"__type__":"cc.Size","width":70,"height":30},"_position":{"__type__":"cc.Vec2","x":-208,"y":-9}},{"__type__":"cc.EditBox","node":{"__id__":50},"_useOriginalSize":false,"_N$backgroundImage":{"__uuid__":"675ovJ2tVK2aLYfgPUWOMv"},"_N$inputMode":6,"_N$fontSize":25,"_N$fontColor":{"__type__":"cc.Color"},"_N$placeholder":"下一步","_N$placeholderFontColor":{"__type__":"cc.Color","r":111,"g":111,"b":111},"_N$maxLength":16},{"__type__":"cc.Node","_name":"high_light","_parent":{"__id__":49},"_components":[{"__type__":"cc.Sprite","node":{"__id__":52},"_spriteFrame":{"__uuid__":"f0BIwQ8D5Ml7nTNQbh1YlS"},"_type":1,"_sizeMode":0},{"__type__":"cc.Button","node":{"__id__":52},"transition":3,"pressedColor":{"__type__":"cc.Color","r":255,"g":255,"b":255},"clickEvents":[{"__type__":"cc.ClickEvent","target":{"__id__":1},"component":"ui_function","handler":"send_high_light","customEventData":"1"}],"_N$normalColor":{"__type__":"cc.Color","r":255,"g":255,"b":255},"_N$disabledColor":{"__type__":"cc.Color","r":255,"g":255,"b":255},"_N$normalSprite":{"__uuid__":"f0BIwQ8D5Ml7nTNQbh1YlS"},"_N$pressedSprite":{"__uuid__":"e97GVMl6JHh5Ml5qEDdSGa"},"pressedSprite":{"__uuid__":"e97GVMl6JHh5Ml5qEDdSGa"},"_N$hoverSprite":{"__uuid__":"e97GVMl6JHh5Ml5qEDdSGa"},"hoverSprite":{"__uuid__":"e97GVMl6JHh5Ml5qEDdSGa"},"_N$disabledSprite":{"__uuid__":"29FYIk+N1GYaeWH/q1NxQO"},"_N$target":{"__id__":52}}],"_prefab":{"__type__":"cc.PrefabInfo","root":{"__id__":1},"asset":{"__uuid__":"1dUZo2eTdKoYrJn1bmFwxf"},"fileId":"0et3EaljtFlrTaSZDGgShG"},"_contentSize":{"__type__":"cc.Size","width":20,"height":30},"_position":{"__type__":"cc.Vec2","x":-160,"y":-9}},{"__type__":"cc.Label","node":{"__id__":54},"_useOriginalSize":false,"_actualFontSize":20,"_fontSize":20,"_N$string":"完成次数","_N$horizontalAlign":1,"_N$verticalAlign":1,"_N$overflow":3},{"__type__":"cc.Node","_name":"text","_parent":{"__id__":55},"_components":[{"__id__":53}],"_prefab":{"__type__":"cc.PrefabInfo","root":{"__id__":1},"asset":{"__uuid__":"1dUZo2eTdKoYrJn1bmFwxf"},"fileId":"cc1XsllwpJXbBc2EFYOs6g"},"_color":{"__type__":"cc.Color","r":255},"_anchorPoint":{"__type__":"cc.Vec2","y":0.5},"_contentSize":{"__type__":"cc.Size","width":80,"height":40},"_position":{"__type__":"cc.Vec2","x":-312}},{"__type__":"cc.Node","_name":"i_","_parent":{"__id__":46},"_children":[{"__id__":56},{"__id__":54}],"_components":[{"__type__":"cc.Sprite","node":{"__id__":55},"_spriteFrame":{"__uuid__":"a2MjXRFdtLlYQ5ouAFv/+R"},"_sizeMode":0}],"_prefab":{"__type__":"cc.PrefabInfo","root":{"__id__":1},"asset":{"__uuid__":"1dUZo2eTdKoYrJn1bmFwxf"},"fileId":"b7lb0Zd+1KuKXUXT7/g6MX"},"_position":{"__type__":"cc.Vec2","x":242,"y":70}},{"__type__":"cc.Node","_name":"New Sprite(Splash)","_parent":{"__id__":55},"_components":[{"__type__":"cc.Sprite","node":{"__id__":56},"_spriteFrame":{"__uuid__":"a2MjXRFdtLlYQ5ouAFv/+R"},"_sizeMode":0}],"_prefab":{"__type__":"cc.PrefabInfo","root":{"__id__":1},"asset":{"__uuid__":"1dUZo2eTdKoYrJn1bmFwxf"},"fileId":"c75NsE949EQps3/X5MQCBd"},"_anchorPoint":{"__type__":"cc.Vec2","y":0.5},"_contentSize":{"__type__":"cc.Size","width":80,"height":40},"_position":{"__type__":"cc.Vec2","x":-312}},{"__type__":"cc.Label","node":{"__id__":58},"_useOriginalSize":false,"_actualFontSize":20,"_fontSize":20,"_lineHeight":50,"_N$string":"第几步","_N$horizontalAlign":1,"_N$verticalAlign":1,"_N$overflow":3},{"__type__":"cc.Node","_name":"step","_parent":{"__id__":46},"_components":[{"__id__":57}],"_prefab":{"__type__":"cc.PrefabInfo","root":{"__id__":1},"asset":{"__uuid__":"1dUZo2eTdKoYrJn1bmFwxf"},"fileId":"0fb6A7vmxNOrLc/yTCsYu0"},"_color":{"__type__":"cc.Color","r":255},"_anchorPoint":{"__type__":"cc.Vec2","y":0.5},"_contentSize":{"__type__":"cc.Size","width":60,"height":50},"_position":{"__type__":"cc.Vec2","x":13,"y":71}},{"__type__":"cc.Node","_name":"current_other_","_parent":{"__id__":46},"_children":[{"__id__":60},{"__id__":62},{"__id__":63}],"_prefab":{"__type__":"cc.PrefabInfo","root":{"__id__":1},"asset":{"__uuid__":"1dUZo2eTdKoYrJn1bmFwxf"},"fileId":"a2bWDFMLBHa4r0p73fSSJz"},"_position":{"__type__":"cc.Vec2","x":227.9,"y":10.5}},{"__type__":"cc.Node","_name":"text","_parent":{"__id__":59},"_components":[{"__id__":61}],"_prefab":{"__type__":"cc.PrefabInfo","root":{"__id__":1},"asset":{"__uuid__":"1dUZo2eTdKoYrJn1bmFwxf"},"fileId":"67Byrcb+dPrralY7GfPxIR"},"_opacity":0,"_contentSize":{"__type__":"cc.Size","width":70,"height":30},"_position":{"__type__":"cc.Vec2","x":-219,"y":10}},{"__type__":"cc.EditBox","node":{"__id__":60},"_useOriginalSize":false,"_N$backgroundImage":{"__uuid__":"675ovJ2tVK2aLYfgPUWOMv"},"_N$inputMode":6,"_N$fontSize":25,"_N$fontColor":{"__type__":"cc.Color"},"_N$placeholder":"跳转到","_N$placeholderFontColor":{"__type__":"cc.Color","r":111,"g":111,"b":111},"_N$maxLength":16},{"__type__":"cc.Node","_name":"high_light","_parent":{"__id__":59},"_components":[{"__type__":"cc.Sprite","node":{"__id__":62},"_spriteFrame":{"__uuid__":"f0BIwQ8D5Ml7nTNQbh1YlS"},"_type":1,"_sizeMode":0},{"__type__":"cc.Button","node":{"__id__":62},"transition":3,"pressedColor":{"__type__":"cc.Color","r":255,"g":255,"b":255},"clickEvents":[{"__type__":"cc.ClickEvent","target":{"__id__":1},"component":"ui_function","handler":"send_high_light","customEventData":"0"}],"_N$normalColor":{"__type__":"cc.Color","r":255,"g":255,"b":255},"_N$disabledColor":{"__type__":"cc.Color","r":255,"g":255,"b":255},"_N$normalSprite":{"__uuid__":"f0BIwQ8D5Ml7nTNQbh1YlS"},"_N$pressedSprite":{"__uuid__":"e97GVMl6JHh5Ml5qEDdSGa"},"pressedSprite":{"__uuid__":"e97GVMl6JHh5Ml5qEDdSGa"},"_N$hoverSprite":{"__uuid__":"e97GVMl6JHh5Ml5qEDdSGa"},"hoverSprite":{"__uuid__":"e97GVMl6JHh5Ml5qEDdSGa"},"_N$disabledSprite":{"__uuid__":"29FYIk+N1GYaeWH/q1NxQO"},"_N$target":{"__id__":62}}],"_prefab":{"__type__":"cc.PrefabInfo","root":{"__id__":1},"asset":{"__uuid__":"1dUZo2eTdKoYrJn1bmFwxf"},"fileId":"e3qLr2Ju1HDolArBcd3Lh8"},"_contentSize":{"__type__":"cc.Size","width":20,"height":30},"_position":{"__type__":"cc.Vec2","x":-171,"y":10}},{"__type__":"cc.Node","_name":"trans_mode","_parent":{"__id__":59},"_children":[{"__id__":64}],"_components":[{"__type__":"cc.Sprite","node":{"__id__":63},"_spriteFrame":{"__uuid__":"f0BIwQ8D5Ml7nTNQbh1YlS"},"_type":1,"_sizeMode":0},{"__type__":"cc.Button","node":{"__id__":63},"transition":3,"pressedColor":{"__type__":"cc.Color","r":255,"g":255,"b":255},"clickEvents":[{"__type__":"cc.ClickEvent","target":{"__id__":1},"component":"Function","handler":"shift_mode"}],"_N$normalColor":{"__type__":"cc.Color","r":255,"g":255,"b":255},"_N$disabledColor":{"__type__":"cc.Color","r":255,"g":255,"b":255},"_N$normalSprite":{"__uuid__":"f0BIwQ8D5Ml7nTNQbh1YlS"},"_N$pressedSprite":{"__uuid__":"e97GVMl6JHh5Ml5qEDdSGa"},"pressedSprite":{"__uuid__":"e97GVMl6JHh5Ml5qEDdSGa"},"_N$hoverSprite":{"__uuid__":"e97GVMl6JHh5Ml5qEDdSGa"},"hoverSprite":{"__uuid__":"e97GVMl6JHh5Ml5qEDdSGa"},"_N$disabledSprite":{"__uuid__":"29FYIk+N1GYaeWH/q1NxQO"},"_N$target":{"__id__":63}}],"_prefab":{"__type__":"cc.PrefabInfo","root":{"__id__":1},"asset":{"__uuid__":"1dUZo2eTdKoYrJn1bmFwxf"},"fileId":"4ceNdXi8JKNYdgee6cwJbu"},"_color":{"__type__":"cc.Color","r":180,"g":175,"b":175},"_contentSize":{"__type__":"cc.Size","width":30,"height":30},"_position":{"__type__":"cc.Vec2","x":-327.5,"y":6.8}},{"__type__":"cc.Node","_name":"Label","_parent":{"__id__":63},"_components":[{"__id__":65}],"_prefab":{"__type__":"cc.PrefabInfo","root":{"__id__":1},"asset":{"__uuid__":"1dUZo2eTdKoYrJn1bmFwxf"},"fileId":"a8LToRQBBLFLBDu9mqTnwv"},"_color":{"__type__":"cc.Color"},"_contentSize":{"__type__":"cc.Size","width":30,"height":30}},{"__type__":"cc.Label","node":{"__id__":64},"_useOriginalSize":false,"_actualFontSize":20,"_fontSize":20,"_enableWrapText":false,"_N$string":"T","_N$horizontalAlign":1,"_N$verticalAlign":1,"_N$overflow":1},{"__type__":"cc.Node","_name":"lines","_parent":{"__id__":46},"_children":[{"__id__":67},{"__id__":69},{"__id__":71}],"_prefab":{"__type__":"cc.PrefabInfo","root":{"__id__":1},"asset":{"__uuid__":"1dUZo2eTdKoYrJn1bmFwxf"},"fileId":"a1iuW4VmJHYafB2DJ6O87M"},"_position":{"__type__":"cc.Vec2","x":-145,"y":30}},{"__type__":"cc.Node","_name":"line","_parent":{"__id__":66},"_children":[{"__id__":68}],"_active":false,"_components":[{"__type__":"cc.Sprite","node":{"__id__":67},"_spriteFrame":{"__uuid__":"f0BIwQ8D5Ml7nTNQbh1YlS"},"_type":1,"_sizeMode":0},{"__type__":"cc.Button","node":{"__id__":67},"transition":2,"pressedColor":{"__type__":"cc.Color","r":255,"g":255,"b":255},"clickEvents":[{"__type__":"cc.ClickEvent","target":{"__id__":1},"component":"ui_function","handler":"add_line"}],"_N$normalColor":{"__type__":"cc.Color","r":255,"g":255,"b":255},"_N$disabledColor":{"__type__":"cc.Color","r":255,"g":255,"b":255},"_N$normalSprite":{"__uuid__":"f0BIwQ8D5Ml7nTNQbh1YlS"},"_N$pressedSprite":{"__uuid__":"e97GVMl6JHh5Ml5qEDdSGa"},"pressedSprite":{"__uuid__":"e97GVMl6JHh5Ml5qEDdSGa"},"_N$hoverSprite":{"__uuid__":"e97GVMl6JHh5Ml5qEDdSGa"},"hoverSprite":{"__uuid__":"e97GVMl6JHh5Ml5qEDdSGa"},"_N$disabledSprite":{"__uuid__":"29FYIk+N1GYaeWH/q1NxQO"},"_N$target":{"__id__":67}}],"_prefab":{"__type__":"cc.PrefabInfo","root":{"__id__":1},"asset":{"__uuid__":"1dUZo2eTdKoYrJn1bmFwxf"},"fileId":"30l0sqN8RCo5aX1k5KP+aN"},"_color":{"__type__":"cc.Color"},"_contentSize":{"__type__":"cc.Size","width":40,"height":20}},{"__type__":"cc.Node","_name":"Label","_parent":{"__id__":67},"_components":[{"__type__":"cc.Label","node":{"__id__":68},"_useOriginalSize":false,"_actualFontSize":20,"_fontSize":20,"_enableWrapText":false,"_N$string":"--------","_N$horizontalAlign":1,"_N$verticalAlign":1,"_N$overflow":1}],"_prefab":{"__type__":"cc.PrefabInfo","root":{"__id__":1},"asset":{"__uuid__":"1dUZo2eTdKoYrJn1bmFwxf"},"fileId":"0c4YOM9XlEeJDlrD3amVXz"},"_contentSize":{"__type__":"cc.Size","width":100,"height":40}},{"__type__":"cc.Node","_name":"line_arrow","_parent":{"__id__":66},"_children":[{"__id__":70}],"_components":[{"__type__":"cc.Sprite","node":{"__id__":69},"_type":1,"_sizeMode":0},{"__type__":"cc.Button","node":{"__id__":69},"transition":3,"pressedColor":{"__type__":"cc.Color","r":255,"g":255,"b":255},"clickEvents":[{"__type__":"cc.ClickEvent","target":{"__id__":1},"component":"ui_function","handler":"add_line_arrow"}],"_N$normalColor":{"__type__":"cc.Color","r":255,"g":255,"b":255},"_N$disabledColor":{"__type__":"cc.Color","r":255,"g":255,"b":255},"_N$pressedSprite":{"__uuid__":"e97GVMl6JHh5Ml5qEDdSGa"},"pressedSprite":{"__uuid__":"e97GVMl6JHh5Ml5qEDdSGa"},"_N$hoverSprite":{"__uuid__":"e97GVMl6JHh5Ml5qEDdSGa"},"hoverSprite":{"__uuid__":"e97GVMl6JHh5Ml5qEDdSGa"},"_N$disabledSprite":{"__uuid__":"29FYIk+N1GYaeWH/q1NxQO"},"_N$target":{"__id__":69}}],"_prefab":{"__type__":"cc.PrefabInfo","root":{"__id__":1},"asset":{"__uuid__":"1dUZo2eTdKoYrJn1bmFwxf"},"fileId":"bcAKl+PTtONJ8nBBQSCfWT"},"_color":{"__type__":"cc.Color"},"_contentSize":{"__type__":"cc.Size","width":50,"height":20},"_position":{"__type__":"cc.Vec2","x":87,"y":-81.6}},{"__type__":"cc.Node","_name":"Label","_parent":{"__id__":69},"_components":[{"__type__":"cc.Label","node":{"__id__":70},"_useOriginalSize":false,"_actualFontSize":20,"_fontSize":20,"_enableWrapText":false,"_N$string":"——>","_N$horizontalAlign":1,"_N$verticalAlign":1,"_N$overflow":1}],"_prefab":{"__type__":"cc.PrefabInfo","root":{"__id__":1},"asset":{"__uuid__":"1dUZo2eTdKoYrJn1bmFwxf"},"fileId":"d4uSQiVtNHzIiBcsExdyZo"},"_color":{"__type__":"cc.Color","r":255,"g":255},"_contentSize":{"__type__":"cc.Size","width":50,"height":20}},{"__type__":"cc.Node","_name":"dash_arrow","_parent":{"__id__":66},"_children":[{"__id__":72}],"_components":[{"__type__":"cc.Sprite","node":{"__id__":71},"_type":1,"_sizeMode":0},{"__type__":"cc.Button","node":{"__id__":71},"transition":3,"pressedColor":{"__type__":"cc.Color","r":255,"g":255,"b":255},"clickEvents":[{"__type__":"cc.ClickEvent","target":{"__id__":1},"component":"ui_function","handler":"add_dash_arrow"}],"_N$normalColor":{"__type__":"cc.Color","r":255,"g":255,"b":255},"_N$disabledColor":{"__type__":"cc.Color","r":255,"g":255,"b":255},"_N$target":{"__id__":71}}],"_prefab":{"__type__":"cc.PrefabInfo","root":{"__id__":1},"asset":{"__uuid__":"1dUZo2eTdKoYrJn1bmFwxf"},"fileId":"21z1C8yu9KcIMYg5PAX0lE"},"_color":{"__type__":"cc.Color"},"_contentSize":{"__type__":"cc.Size","width":50,"height":20},"_position":{"__type__":"cc.Vec2","x":87,"y":-11.7}},{"__type__":"cc.Node","_name":"Label","_parent":{"__id__":71},"_components":[{"__type__":"cc.Label","node":{"__id__":72},"_useOriginalSize":false,"_actualFontSize":18,"_fontSize":18,"_enableWrapText":false,"_N$string":"- - - ->","_N$horizontalAlign":1,"_N$verticalAlign":1,"_N$overflow":1}],"_prefab":{"__type__":"cc.PrefabInfo","root":{"__id__":1},"asset":{"__uuid__":"1dUZo2eTdKoYrJn1bmFwxf"},"fileId":"93rNPBZI1I9ZBFaSBcXbmH"},"_color":{"__type__":"cc.Color","r":255,"g":255},"_contentSize":{"__type__":"cc.Size","width":50,"height":20},"_position":{"__type__":"cc.Vec2","x":-1}},{"__type__":"cc.Node","_name":"more","_parent":{"__id__":18},"_children":[{"__id__":74}],"_components":[{"__type__":"cc.Sprite","node":{"__id__":73},"_spriteFrame":{"__uuid__":"f0BIwQ8D5Ml7nTNQbh1YlS"},"_type":1,"_sizeMode":0},{"__type__":"cc.Button","node":{"__id__":73},"transition":3,"pressedColor":{"__type__":"cc.Color","r":255,"g":255,"b":255},"clickEvents":[{"__type__":"cc.ClickEvent","target":{"__id__":1},"component":"ui_function","handler":"swith_more"}],"_N$normalColor":{"__type__":"cc.Color","r":255,"g":255,"b":255},"_N$disabledColor":{"__type__":"cc.Color","r":255,"g":255,"b":255},"_N$normalSprite":{"__uuid__":"f0BIwQ8D5Ml7nTNQbh1YlS"},"_N$pressedSprite":{"__uuid__":"e97GVMl6JHh5Ml5qEDdSGa"},"pressedSprite":{"__uuid__":"e97GVMl6JHh5Ml5qEDdSGa"},"_N$hoverSprite":{"__uuid__":"e97GVMl6JHh5Ml5qEDdSGa"},"hoverSprite":{"__uuid__":"e97GVMl6JHh5Ml5qEDdSGa"},"_N$disabledSprite":{"__uuid__":"29FYIk+N1GYaeWH/q1NxQO"},"_N$target":{"__id__":73}}],"_prefab":{"__type__":"cc.PrefabInfo","root":{"__id__":1},"asset":{"__uuid__":"1dUZo2eTdKoYrJn1bmFwxf"},"fileId":"45dG+0+b1ED7AHSgCG3AGF"},"_contentSize":{"__type__":"cc.Size","width":10,"height":10},"_position":{"__type__":"cc.Vec2","x":143,"y":95}},{"__type__":"cc.Node","_name":"New Label","_parent":{"__id__":73},"_components":[{"__type__":"cc.Label","node":{"__id__":74},"_useOriginalSize":false,"_actualFontSize":10,"_fontSize":10,"_lineHeight":10,"_N$string":">","_N$horizontalAlign":1,"_N$verticalAlign":1,"_N$overflow":3}],"_prefab":{"__type__":"cc.PrefabInfo","root":{"__id__":1},"asset":{"__uuid__":"1dUZo2eTdKoYrJn1bmFwxf"},"fileId":"54vU/5UH9FD7exx7LhOU7d"},"_color":{"__type__":"cc.Color"},"_contentSize":{"__type__":"cc.Size","width":10,"height":10}}],{"__type__":"cc.SpriteFrame","content":{"name":"default_btn_disabled","texture":"71VhFCTINJM6/Ky3oX9nBT","rect":[0,0,40,40],"offset":[0,0],"originalSize":[40,40],"capInsets":[15,7,15,9]}},{"__type__":"cc.SpriteFrame","content":{"name":"default_scrollbar_vertical","texture":"d608qFRoFHwbXd0Dap056i","rect":[2,0,11,30],"offset":[0,0],"originalSize":[15,30],"capInsets":[0,5,0,5]}},{"__type__":"cc.SpriteFrame","content":{"name":"default_scrollbar_vertical_bg","texture":"61cyPdEfRN047sDK9rO0W5","rect":[0,0,15,30],"offset":[0,0],"originalSize":[15,30],"capInsets":[0,7,0,8]}},{"__type__":"cc.SpriteFrame","content":{"name":"default_progressbar","texture":"cf73jxyN9Jt47QTJU6ziYh","rect":[0,0,30,15],"offset":[0,0],"originalSize":[30,15],"capInsets":[5,0,5,0]}},{"__type__":"cc.SpriteFrame","content":{"name":"default_progressbar_bg","texture":"99FwsL0hBG8bITfZ4/IwmK","rect":[0,0,60,15],"offset":[0,0],"originalSize":[60,15],"capInsets":[5,0,5,0]}},[{"__type__":"cc.Prefab","_name":"dash_arrow","data":{"__id__":1},"asyncLoadAssets":null},{"__type__":"cc.Node","_name":"dash_arrow","_children":[{"__id__":2},{"__id__":6}],"_components":[{"__type__":"1d0d586re5GTJoc8opg3Rky","node":{"__id__":1},"handle":{"__id__":7},"body":{"__id__":6},"handle_extend_rot":{"__id__":2}}],"_prefab":{"__type__":"cc.PrefabInfo","root":{"__id__":1},"asset":{"__uuid__":"93BlmbdmhMuJWhTuRW6vZB"},"fileId":"52T7DIZZJDwIdKYNu156yt"},"_rotationX":180,"_rotationY":180},{"__type__":"cc.Node","_name":"handle","_parent":{"__id__":1},"_children":[{"__id__":3},{"__id__":4},{"__id__":5}],"_prefab":{"__type__":"cc.PrefabInfo","root":{"__id__":1},"asset":{"__uuid__":"93BlmbdmhMuJWhTuRW6vZB"},"fileId":"14xOj8lz1Mqo5PTOlQhr/4"},"_anchorPoint":{"__type__":"cc.Vec2","x":0.5,"y":1},"_contentSize":{"__type__":"cc.Size","width":30,"height":30},"_position":{"__type__":"cc.Vec2","y":50.4}},{"__type__":"cc.Node","_name":"arrow","_parent":{"__id__":2},"_components":[{"__type__":"cc.Sprite","node":{"__id__":3},"_spriteFrame":{"__uuid__":"a2MjXRFdtLlYQ5ouAFv/+R"},"_sizeMode":0}],"_prefab":{"__type__":"cc.PrefabInfo","root":{"__id__":1},"asset":{"__uuid__":"93BlmbdmhMuJWhTuRW6vZB"},"fileId":"ddWnBgH+9J5IwGqFw9qnjg"},"_color":{"__type__":"cc.Color","r":255,"g":255},"_anchorPoint":{"__type__":"cc.Vec2","y":1},"_contentSize":{"__type__":"cc.Size","width":5,"height":20},"_rotationX":30,"_rotationY":30,"_position":{"__type__":"cc.Vec2","x":-2.5}},{"__type__":"cc.Node","_name":"arrow","_parent":{"__id__":2},"_components":[{"__type__":"cc.Sprite","node":{"__id__":4},"_spriteFrame":{"__uuid__":"a2MjXRFdtLlYQ5ouAFv/+R"},"_sizeMode":0}],"_prefab":{"__type__":"cc.PrefabInfo","root":{"__id__":1},"asset":{"__uuid__":"93BlmbdmhMuJWhTuRW6vZB"},"fileId":"68S2C7I5RDxqwcNqPMP4X1"},"_color":{"__type__":"cc.Color","r":255,"g":255},"_anchorPoint":{"__type__":"cc.Vec2","x":1,"y":1},"_contentSize":{"__type__":"cc.Size","width":5,"height":20},"_rotationX":-30,"_rotationY":-30,"_position":{"__type__":"cc.Vec2","x":2.5}},{"__type__":"cc.Node","_name":"target","_parent":{"__id__":2},"_components":[{"__type__":"cc.Label","node":{"__id__":5},"_useOriginalSize":false,"_actualFontSize":20,"_fontSize":20,"_lineHeight":20,"_N$string":"跳转","_N$horizontalAlign":1,"_N$verticalAlign":1,"_N$overflow":3}],"_prefab":{"__type__":"cc.PrefabInfo","root":{"__id__":1},"asset":{"__uuid__":"93BlmbdmhMuJWhTuRW6vZB"},"fileId":"6dhSHJgwBGWb4Z81WiV0Ry"},"_color":{"__type__":"cc.Color","r":255},"_anchorPoint":{"__type__":"cc.Vec2","x":1,"y":0.5},"_contentSize":{"__type__":"cc.Size","width":40,"height":20},"_rotationX":90,"_rotationY":90,"_position":{"__type__":"cc.Vec2","y":-0.2}},{"__type__":"cc.Node","_name":"body","_parent":{"__id__":1},"_children":[{"__id__":7},{"__id__":8},{"__id__":9}],"_components":[{"__type__":"cc.Sprite","node":{"__id__":6},"_spriteFrame":{"__uuid__":"a2MjXRFdtLlYQ5ouAFv/+R"},"_sizeMode":0}],"_prefab":{"__type__":"cc.PrefabInfo","root":{"__id__":1},"asset":{"__uuid__":"93BlmbdmhMuJWhTuRW6vZB"},"fileId":"875+IjBdRDRrTiwwNUZLND"},"_color":{"__type__":"cc.Color","r":255,"g":255},"_anchorPoint":{"__type__":"cc.Vec2","x":0.5},"_contentSize":{"__type__":"cc.Size","width":5,"height":10}},{"__type__":"cc.Node","_name":"handle_drag","_parent":{"__id__":6},"_prefab":{"__type__":"cc.PrefabInfo","root":{"__id__":1},"asset":{"__uuid__":"93BlmbdmhMuJWhTuRW6vZB"},"fileId":"1fZRz9oFdNJIEFACz6bIGa"},"_anchorPoint":{"__type__":"cc.Vec2","x":0.5},"_contentSize":{"__type__":"cc.Size","width":25,"height":34.8}},{"__type__":"cc.Node","_name":"dash","_parent":{"__id__":6},"_components":[{"__type__":"cc.Sprite","node":{"__id__":8},"_spriteFrame":{"__uuid__":"a2MjXRFdtLlYQ5ouAFv/+R"},"_sizeMode":0}],"_prefab":{"__type__":"cc.PrefabInfo","root":{"__id__":1},"asset":{"__uuid__":"93BlmbdmhMuJWhTuRW6vZB"},"fileId":"c4UiJbR9ZAFaB8x5f0bVtc"},"_color":{"__type__":"cc.Color","r":255,"g":255},"_contentSize":{"__type__":"cc.Size","width":5,"height":10},"_position":{"__type__":"cc.Vec2","y":25}},{"__type__":"cc.Node","_name":"dash","_parent":{"__id__":6},"_components":[{"__type__":"cc.Sprite","node":{"__id__":9},"_spriteFrame":{"__uuid__":"a2MjXRFdtLlYQ5ouAFv/+R"},"_sizeMode":0}],"_prefab":{"__type__":"cc.PrefabInfo","root":{"__id__":1},"asset":{"__uuid__":"93BlmbdmhMuJWhTuRW6vZB"},"fileId":"57bbf7KOlMNq6T5zV8EDFf"},"_color":{"__type__":"cc.Color","r":255,"g":255},"_contentSize":{"__type__":"cc.Size","width":5,"height":10},"_position":{"__type__":"cc.Vec2","y":45}}],[{"__type__":"cc.Prefab","_name":"bullet","data":{"__id__":1},"asyncLoadAssets":null},{"__type__":"cc.Node","_name":"bullet","_components":[{"__type__":"cc.Sprite","node":{"__id__":1},"_spriteFrame":{"__uuid__":"a2MjXRFdtLlYQ5ouAFv/+R"},"_sizeMode":0},{"__type__":"6b7ceuvO/BPiIcLSCS4BaIE","node":{"__id__":1}}],"_prefab":{"__type__":"cc.PrefabInfo","root":{"__id__":1},"asset":{"__uuid__":"9aZFZXildBKptB95UlPWvo"},"fileId":"b0Qae2y0FCJZUwiwUROQjd"},"_color":{"__type__":"cc.Color","r":255},"_contentSize":{"__type__":"cc.Size","width":10,"height":10}}],{"__type__":"cc.SpriteFrame","content":{"name":"default_panel","texture":"d8HsitJHxOYqo801xBk8ev","rect":[0,0,20,20],"offset":[0,0],"originalSize":[20,20],"capInsets":[4,3,4,3]}},[{"__type__":"cc.SceneAsset","_name":"main","scene":{"__id__":1},"asyncLoadAssets":null},{"__type__":"cc.Scene","_name":"New Node","_children":[{"__id__":2}],"_anchorPoint":{"__type__":"cc.Vec2"},"autoReleaseAssets":false},{"__type__":"cc.Node","_name":"main","_parent":{"__id__":1},"_children":[{"__id__":3},{"__id__":5},{"__id__":17},{"__id__":27}],"_components":[{"__type__":"cc.Canvas","node":{"__id__":2},"_designResolution":{"__type__":"cc.Size","width":1280,"height":720}},{"__type__":"f23aawH4ChJOaWPS3Ox4C/7","node":{"__id__":2},"file":{"__id__":7},"content":{"__id__":16},"functions":{"__id__":28},"variables":{"__id__":29},"chart":{"__id__":27}}],"_id":"8dBMW982pJcIgwiro+mUhB","_contentSize":{"__type__":"cc.Size","width":1280,"height":720},"_position":{"__type__":"cc.Vec2","x":640,"y":360}},{"__type__":"cc.Node","_name":"save","_parent":{"__id__":2},"_children":[{"__id__":4}],"_components":[{"__type__":"cc.Sprite","node":{"__id__":3},"_spriteFrame":{"__uuid__":"f0BIwQ8D5Ml7nTNQbh1YlS"},"_type":1,"_sizeMode":0},{"__type__":"cc.Button","node":{"__id__":3},"transition":3,"pressedColor":{"__type__":"cc.Color","r":255,"g":255,"b":255},"clickEvents":[{"__type__":"cc.ClickEvent","target":{"__id__":2},"component":"main","handler":"save"}],"_N$normalColor":{"__type__":"cc.Color","r":255,"g":255,"b":255},"_N$disabledColor":{"__type__":"cc.Color","r":255,"g":255,"b":255},"_N$normalSprite":{"__uuid__":"f0BIwQ8D5Ml7nTNQbh1YlS"},"_N$pressedSprite":{"__uuid__":"e97GVMl6JHh5Ml5qEDdSGa"},"pressedSprite":{"__uuid__":"e97GVMl6JHh5Ml5qEDdSGa"},"_N$hoverSprite":{"__uuid__":"e97GVMl6JHh5Ml5qEDdSGa"},"hoverSprite":{"__uuid__":"e97GVMl6JHh5Ml5qEDdSGa"},"_N$disabledSprite":{"__uuid__":"29FYIk+N1GYaeWH/q1NxQO"},"_N$target":{"__id__":3}}],"_contentSize":{"__type__":"cc.Size","width":100,"height":40},"_position":{"__type__":"cc.Vec2","x":-514,"y":327}},{"__type__":"cc.Node","_name":"Label","_parent":{"__id__":3},"_components":[{"__type__":"cc.Label","node":{"__id__":4},"_useOriginalSize":false,"_actualFontSize":20,"_fontSize":20,"_enableWrapText":false,"_N$string":"导出JSON","_N$horizontalAlign":1,"_N$verticalAlign":1,"_N$overflow":1}],"_color":{"__type__":"cc.Color"},"_contentSize":{"__type__":"cc.Size","width":100,"height":40}},{"__type__":"cc.Node","_name":"load","_parent":{"__id__":2},"_children":[{"__id__":6},{"__id__":7}],"_components":[{"__type__":"cc.Sprite","node":{"__id__":5},"_spriteFrame":{"__uuid__":"f0BIwQ8D5Ml7nTNQbh1YlS"},"_type":1,"_sizeMode":0},{"__type__":"cc.Button","node":{"__id__":5},"transition":3,"pressedColor":{"__type__":"cc.Color","r":255,"g":255,"b":255},"clickEvents":[{"__type__":"cc.ClickEvent","target":{"__id__":2},"component":"main","handler":"load"}],"_N$normalColor":{"__type__":"cc.Color","r":255,"g":255,"b":255},"_N$disabledColor":{"__type__":"cc.Color","r":255,"g":255,"b":255},"_N$normalSprite":{"__uuid__":"f0BIwQ8D5Ml7nTNQbh1YlS"},"_N$pressedSprite":{"__uuid__":"e97GVMl6JHh5Ml5qEDdSGa"},"pressedSprite":{"__uuid__":"e97GVMl6JHh5Ml5qEDdSGa"},"_N$hoverSprite":{"__uuid__":"e97GVMl6JHh5Ml5qEDdSGa"},"hoverSprite":{"__uuid__":"e97GVMl6JHh5Ml5qEDdSGa"},"_N$disabledSprite":{"__uuid__":"29FYIk+N1GYaeWH/q1NxQO"},"_N$target":{"__id__":5}}],"_contentSize":{"__type__":"cc.Size","width":100,"height":40},"_position":{"__type__":"cc.Vec2","x":-515,"y":277}},{"__type__":"cc.Node","_name":"Label","_parent":{"__id__":5},"_components":[{"__type__":"cc.Label","node":{"__id__":6},"_useOriginalSize":false,"_actualFontSize":20,"_fontSize":20,"_enableWrapText":false,"_N$string":"加载JSON","_N$horizontalAlign":1,"_N$verticalAlign":1,"_N$overflow":1}],"_color":{"__type__":"cc.Color"},"_contentSize":{"__type__":"cc.Size","width":100,"height":40}},{"__type__":"cc.Node","_name":"scroll","_parent":{"__id__":5},"_children":[{"__id__":8},{"__id__":14}],"_components":[{"__type__":"cc.Sprite","node":{"__id__":7},"_spriteFrame":{"__uuid__":"9bvaMerUlDyary99mJa6xp"},"_type":1,"_sizeMode":0},{"__id__":12}],"_color":{"__type__":"cc.Color","r":184,"g":184,"b":184},"_contentSize":{"__type__":"cc.Size","width":100,"height":50},"_position":{"__type__":"cc.Vec2","y":-69}},{"__type__":"cc.Node","_name":"scrollBar","_parent":{"__id__":7},"_children":[{"__id__":9}],"_active":false,"_components":[{"__id__":11},{"__type__":"cc.Widget","node":{"__id__":8},"_alignFlags":37,"_left":350.07654921020657,"_originalHeight":237},{"__type__":"cc.Sprite","node":{"__id__":8},"_spriteFrame":{"__uuid__":"5f5dyqtRNNxaFmVzYns6FZ"},"_type":1,"_sizeMode":0}],"_color":{"__type__":"cc.Color","r":238,"g":217,"b":227},"_anchorPoint":{"__type__":"cc.Vec2","x":1,"y":0.5},"_contentSize":{"__type__":"cc.Size","width":12,"height":437},"_position":{"__type__":"cc.Vec2","x":275}},{"__type__":"cc.Node","_name":"bar","_parent":{"__id__":8},"_components":[{"__id__":10}],"_color":{"__type__":"cc.Color","r":236,"g":241,"b":245},"_anchorPoint":{"__type__":"cc.Vec2","x":1},"_contentSize":{"__type__":"cc.Size","width":10,"height":30},"_position":{"__type__":"cc.Vec2","x":-1}},{"__type__":"cc.Sprite","node":{"__id__":9},"_spriteFrame":{"__uuid__":"5cO7kybDxGj4ipyMYdRYZB"},"_type":1,"_sizeMode":0},{"__type__":"cc.Scrollbar","node":{"__id__":8},"_scrollView":{"__id__":12},"_N$handle":{"__id__":10},"_N$direction":1},{"__type__":"cc.ScrollView","node":{"__id__":7},"content":{"__id__":13},"horizontal":false,"brake":0.75,"bounceDuration":0.23,"_N$horizontalScrollBar":null,"_N$verticalScrollBar":{"__id__":11}},{"__type__":"cc.Node","_name":"content","_parent":{"__id__":14},"_children":[{"__id__":15}],"_contentSize":{"__type__":"cc.Size","width":100,"height":50}},{"__type__":"cc.Node","_name":"view","_parent":{"__id__":7},"_children":[{"__id__":13}],"_components":[{"__type__":"cc.Mask","node":{"__id__":14}}],"_contentSize":{"__type__":"cc.Size","width":100,"height":50}},{"__type__":"cc.Node","_name":"json","_parent":{"__id__":13},"_components":[{"__id__":16}],"_contentSize":{"__type__":"cc.Size","width":100,"height":50}},{"__type__":"cc.EditBox","node":{"__id__":15},"_useOriginalSize":false,"_N$backgroundImage":{"__uuid__":"675ovJ2tVK2aLYfgPUWOMv"},"_N$fontSize":10,"_N$fontColor":{"__type__":"cc.Color"},"_N$placeholder":"Ctrl+A全选","_N$maxLength":100000},{"__type__":"cc.Node","_name":"tools","_parent":{"__id__":2},"_children":[{"__id__":18},{"__id__":20},{"__id__":22},{"__id__":25}],"_components":[{"__type__":"f7f21A/U71AvK6irTN2Iu3U","node":{"__id__":17},"Variable":{"__uuid__":"1dBXqz8gxGerZynF0lFSIR"},"Function":{"__uuid__":"1dUZo2eTdKoYrJn1bmFwxf"},"trash":{"__id__":22}}]},{"__type__":"cc.Node","_name":"function","_parent":{"__id__":17},"_children":[{"__id__":19}],"_components":[{"__type__":"cc.Sprite","node":{"__id__":18},"_spriteFrame":{"__uuid__":"f0BIwQ8D5Ml7nTNQbh1YlS"},"_type":1,"_sizeMode":0},{"__type__":"cc.Button","node":{"__id__":18},"transition":3,"pressedColor":{"__type__":"cc.Color","r":255,"g":255,"b":255},"clickEvents":[{"__type__":"cc.ClickEvent","target":{"__id__":17},"component":"ui_tools","handler":"add_func"}],"_N$normalColor":{"__type__":"cc.Color","r":255,"g":255,"b":255},"_N$disabledColor":{"__type__":"cc.Color","r":255,"g":255,"b":255},"_N$normalSprite":{"__uuid__":"f0BIwQ8D5Ml7nTNQbh1YlS"},"_N$pressedSprite":{"__uuid__":"e97GVMl6JHh5Ml5qEDdSGa"},"pressedSprite":{"__uuid__":"e97GVMl6JHh5Ml5qEDdSGa"},"_N$hoverSprite":{"__uuid__":"e97GVMl6JHh5Ml5qEDdSGa"},"hoverSprite":{"__uuid__":"e97GVMl6JHh5Ml5qEDdSGa"},"_N$disabledSprite":{"__uuid__":"29FYIk+N1GYaeWH/q1NxQO"},"_N$target":{"__id__":18}}],"_contentSize":{"__type__":"cc.Size","width":100,"height":40},"_position":{"__type__":"cc.Vec2","x":-514,"y":57}},{"__type__":"cc.Node","_name":"Label","_parent":{"__id__":18},"_components":[{"__type__":"cc.Label","node":{"__id__":19},"_useOriginalSize":false,"_actualFontSize":20,"_fontSize":20,"_enableWrapText":false,"_N$string":"任务","_N$horizontalAlign":1,"_N$verticalAlign":1,"_N$overflow":1}],"_color":{"__type__":"cc.Color"},"_contentSize":{"__type__":"cc.Size","width":100,"height":40}},{"__type__":"cc.Node","_name":"variable","_parent":{"__id__":17},"_children":[{"__id__":21}],"_components":[{"__type__":"cc.Sprite","node":{"__id__":20},"_spriteFrame":{"__uuid__":"f0BIwQ8D5Ml7nTNQbh1YlS"},"_type":1,"_sizeMode":0},{"__type__":"cc.Button","node":{"__id__":20},"transition":3,"pressedColor":{"__type__":"cc.Color","r":255,"g":255,"b":255},"clickEvents":[{"__type__":"cc.ClickEvent","target":{"__id__":17},"component":"ui_tools","handler":"add_var"}],"_N$normalColor":{"__type__":"cc.Color","r":255,"g":255,"b":255},"_N$disabledColor":{"__type__":"cc.Color","r":255,"g":255,"b":255},"_N$normalSprite":{"__uuid__":"f0BIwQ8D5Ml7nTNQbh1YlS"},"_N$pressedSprite":{"__uuid__":"e97GVMl6JHh5Ml5qEDdSGa"},"pressedSprite":{"__uuid__":"e97GVMl6JHh5Ml5qEDdSGa"},"_N$hoverSprite":{"__uuid__":"e97GVMl6JHh5Ml5qEDdSGa"},"hoverSprite":{"__uuid__":"e97GVMl6JHh5Ml5qEDdSGa"},"_N$disabledSprite":{"__uuid__":"29FYIk+N1GYaeWH/q1NxQO"},"_N$target":{"__id__":20}}],"_contentSize":{"__type__":"cc.Size","width":100,"height":40},"_position":{"__type__":"cc.Vec2","x":-514,"y":8}},{"__type__":"cc.Node","_name":"Label","_parent":{"__id__":20},"_components":[{"__type__":"cc.Label","node":{"__id__":21},"_useOriginalSize":false,"_actualFontSize":20,"_fontSize":20,"_enableWrapText":false,"_N$string":"变量","_N$horizontalAlign":1,"_N$verticalAlign":1,"_N$overflow":1}],"_color":{"__type__":"cc.Color"},"_contentSize":{"__type__":"cc.Size","width":100,"height":40}},{"__type__":"cc.Node","_name":"trash","_parent":{"__id__":17},"_children":[{"__id__":23},{"__id__":24}],"_contentSize":{"__type__":"cc.Size","width":50,"height":70},"_position":{"__type__":"cc.Vec2","x":-525,"y":-271}},{"__type__":"cc.Node","_name":"New Label","_parent":{"__id__":22},"_components":[{"__type__":"cc.Label","node":{"__id__":23},"_useOriginalSize":false,"_N$string":"删除","_N$horizontalAlign":1,"_N$verticalAlign":1}],"_contentSize":{"__type__":"cc.Size","width":80,"height":40},"_position":{"__type__":"cc.Vec2","y":-55}},{"__type__":"cc.Node","_name":"New Sprite(Splash)","_parent":{"__id__":22},"_components":[{"__type__":"cc.Sprite","node":{"__id__":24},"_spriteFrame":{"__uuid__":"a2MjXRFdtLlYQ5ouAFv/+R"},"_sizeMode":0}],"_color":{"__type__":"cc.Color","r":99,"g":98,"b":98},"_contentSize":{"__type__":"cc.Size","width":50,"height":70}},{"__type__":"cc.Node","_name":"clear_all","_parent":{"__id__":17},"_children":[{"__id__":26}],"_components":[{"__type__":"cc.Sprite","node":{"__id__":25},"_spriteFrame":{"__uuid__":"f0BIwQ8D5Ml7nTNQbh1YlS"},"_type":1,"_sizeMode":0},{"__type__":"cc.Button","node":{"__id__":25},"transition":2,"pressedColor":{"__type__":"cc.Color","r":255,"g":255,"b":255},"clickEvents":[{"__type__":"cc.ClickEvent","target":{"__id__":17},"component":"ui_tools","handler":"clear_all"}],"_N$normalColor":{"__type__":"cc.Color","r":255,"g":255,"b":255},"_N$disabledColor":{"__type__":"cc.Color","r":255,"g":255,"b":255},"_N$normalSprite":{"__uuid__":"f0BIwQ8D5Ml7nTNQbh1YlS"},"_N$pressedSprite":{"__uuid__":"e97GVMl6JHh5Ml5qEDdSGa"},"pressedSprite":{"__uuid__":"e97GVMl6JHh5Ml5qEDdSGa"},"_N$hoverSprite":{"__uuid__":"e97GVMl6JHh5Ml5qEDdSGa"},"hoverSprite":{"__uuid__":"e97GVMl6JHh5Ml5qEDdSGa"},"_N$disabledSprite":{"__uuid__":"29FYIk+N1GYaeWH/q1NxQO"},"_N$target":{"__id__":25}}],"_contentSize":{"__type__":"cc.Size","width":100,"height":40},"_position":{"__type__":"cc.Vec2","x":-431,"y":-328}},{"__type__":"cc.Node","_name":"Label","_parent":{"__id__":25},"_components":[{"__type__":"cc.Label","node":{"__id__":26},"_useOriginalSize":false,"_actualFontSize":20,"_fontSize":20,"_enableWrapText":false,"_N$string":"全部","_N$horizontalAlign":1,"_N$verticalAlign":1,"_N$overflow":1}],"_color":{"__type__":"cc.Color"},"_contentSize":{"__type__":"cc.Size","width":100,"height":40}},{"__type__":"cc.Node","_name":"chart","_parent":{"__id__":2},"_children":[{"__id__":28},{"__id__":29},{"__id__":30}],"_components":[{"__type__":"2a431Mai0hP45yj7RS5oy0K","node":{"__id__":27},"step_show":{"__id__":38},"state_show":{"__id__":41},"forward_":{"__id__":35}}]},{"__type__":"cc.Node","_name":"functions","_parent":{"__id__":27}},{"__type__":"cc.Node","_name":"variables","_parent":{"__id__":27}},{"__type__":"cc.Node","_name":"control","_parent":{"__id__":27},"_children":[{"__id__":31},{"__id__":33},{"__id__":36},{"__id__":39},{"__id__":42},{"__id__":44},{"__id__":46}],"_position":{"__type__":"cc.Vec2","x":77,"y":-34}},{"__type__":"cc.Node","_name":"backward","_parent":{"__id__":30},"_children":[{"__id__":32}],"_active":false,"_components":[{"__type__":"cc.Sprite","node":{"__id__":31},"_type":1,"_sizeMode":0},{"__type__":"cc.Button","node":{"__id__":31},"transition":3,"pressedColor":{"__type__":"cc.Color","r":255,"g":255,"b":255},"_N$normalColor":{"__type__":"cc.Color","r":255,"g":255,"b":255},"_N$disabledColor":{"__type__":"cc.Color","r":255,"g":255,"b":255},"_N$target":{"__id__":31}}],"_contentSize":{"__type__":"cc.Size","width":100,"height":40},"_position":{"__type__":"cc.Vec2","x":213,"y":-243}},{"__type__":"cc.Node","_name":"Label","_parent":{"__id__":31},"_components":[{"__type__":"cc.Label","node":{"__id__":32},"_useOriginalSize":false,"_actualFontSize":20,"_fontSize":20,"_enableWrapText":false,"_N$string":"backward","_N$horizontalAlign":1,"_N$verticalAlign":1,"_N$overflow":1}],"_color":{"__type__":"cc.Color"},"_contentSize":{"__type__":"cc.Size","width":100,"height":40}},{"__type__":"cc.Node","_name":"forward","_parent":{"__id__":30},"_children":[{"__id__":34}],"_components":[{"__type__":"cc.Sprite","node":{"__id__":33},"_spriteFrame":{"__uuid__":"f0BIwQ8D5Ml7nTNQbh1YlS"},"_type":1,"_sizeMode":0},{"__id__":35}],"_contentSize":{"__type__":"cc.Size","width":100,"height":40},"_position":{"__type__":"cc.Vec2","x":461,"y":313}},{"__type__":"cc.Node","_name":"Label","_parent":{"__id__":33},"_components":[{"__type__":"cc.Label","node":{"__id__":34},"_useOriginalSize":false,"_actualFontSize":20,"_fontSize":20,"_enableWrapText":false,"_N$string":"前进一步","_N$horizontalAlign":1,"_N$verticalAlign":1,"_N$overflow":1}],"_color":{"__type__":"cc.Color"},"_contentSize":{"__type__":"cc.Size","width":100,"height":40}},{"__type__":"cc.Button","node":{"__id__":33},"transition":3,"pressedColor":{"__type__":"cc.Color","r":255,"g":255,"b":255},"clickEvents":[{"__type__":"cc.ClickEvent","target":{"__id__":27},"component":"chart","handler":"forward"}],"_N$normalColor":{"__type__":"cc.Color","r":255,"g":255,"b":255},"_N$disabledColor":{"__type__":"cc.Color","r":255,"g":255,"b":255},"_N$normalSprite":{"__uuid__":"f0BIwQ8D5Ml7nTNQbh1YlS"},"_N$pressedSprite":{"__uuid__":"e97GVMl6JHh5Ml5qEDdSGa"},"pressedSprite":{"__uuid__":"e97GVMl6JHh5Ml5qEDdSGa"},"_N$hoverSprite":{"__uuid__":"e97GVMl6JHh5Ml5qEDdSGa"},"hoverSprite":{"__uuid__":"e97GVMl6JHh5Ml5qEDdSGa"},"_N$disabledSprite":{"__uuid__":"29FYIk+N1GYaeWH/q1NxQO"},"_N$target":{"__id__":33}},{"__type__":"cc.Node","_name":"step","_parent":{"__id__":30},"_children":[{"__id__":37}],"_components":[{"__type__":"cc.Label","node":{"__id__":36},"_useOriginalSize":false,"_actualFontSize":25,"_fontSize":25,"_N$string":"第       步","_N$horizontalAlign":1,"_N$verticalAlign":1}],"_contentSize":{"__type__":"cc.Size","width":99,"height":40},"_position":{"__type__":"cc.Vec2","x":463,"y":272}},{"__type__":"cc.Node","_name":"Label","_parent":{"__id__":36},"_components":[{"__id__":38}],"_color":{"__type__":"cc.Color","r":255},"_contentSize":{"__type__":"cc.Size","width":110,"height":40}},{"__type__":"cc.Label","node":{"__id__":37},"_useOriginalSize":false,"_actualFontSize":20,"_fontSize":20,"_N$string":"","_N$horizontalAlign":1,"_N$verticalAlign":1,"_N$overflow":3},{"__type__":"cc.Node","_name":"state","_parent":{"__id__":30},"_children":[{"__id__":40}],"_components":[{"__type__":"cc.Label","node":{"__id__":39},"_useOriginalSize":false,"_actualFontSize":30,"_fontSize":30,"_N$string":"状态：","_N$horizontalAlign":1,"_N$verticalAlign":1}],"_contentSize":{"__type__":"cc.Size","width":90,"height":40},"_position":{"__type__":"cc.Vec2","x":-391,"y":-246}},{"__type__":"cc.Node","_name":"Label","_parent":{"__id__":39},"_components":[{"__id__":41}],"_color":{"__type__":"cc.Color","r":255},"_anchorPoint":{"__type__":"cc.Vec2","y":0.5},"_contentSize":{"__type__":"cc.Size","height":40},"_position":{"__type__":"cc.Vec2","x":64,"y":-2}},{"__type__":"cc.Label","node":{"__id__":40},"_useOriginalSize":false,"_actualFontSize":20,"_fontSize":20,"_N$string":"","_N$horizontalAlign":1,"_N$verticalAlign":1},{"__type__":"cc.Node","_name":"confirm","_parent":{"__id__":30},"_children":[{"__id__":43}],"_components":[{"__type__":"cc.Sprite","node":{"__id__":42},"_spriteFrame":{"__uuid__":"f0BIwQ8D5Ml7nTNQbh1YlS"},"_type":1,"_sizeMode":0},{"__type__":"cc.Button","node":{"__id__":42},"transition":3,"pressedColor":{"__type__":"cc.Color","r":255,"g":255,"b":255},"clickEvents":[{"__type__":"cc.ClickEvent","target":{"__id__":27},"component":"chart","handler":"confirm"}],"_N$normalColor":{"__type__":"cc.Color","r":255,"g":255,"b":255},"_N$disabledColor":{"__type__":"cc.Color","r":255,"g":255,"b":255},"_N$normalSprite":{"__uuid__":"f0BIwQ8D5Ml7nTNQbh1YlS"},"_N$pressedSprite":{"__uuid__":"e97GVMl6JHh5Ml5qEDdSGa"},"pressedSprite":{"__uuid__":"e97GVMl6JHh5Ml5qEDdSGa"},"_N$hoverSprite":{"__uuid__":"e97GVMl6JHh5Ml5qEDdSGa"},"hoverSprite":{"__uuid__":"e97GVMl6JHh5Ml5qEDdSGa"},"_N$disabledSprite":{"__uuid__":"29FYIk+N1GYaeWH/q1NxQO"},"_N$target":{"__id__":42}}],"_contentSize":{"__type__":"cc.Size","width":100,"height":40},"_position":{"__type__":"cc.Vec2","x":461,"y":364}},{"__type__":"cc.Node","_name":"Label","_parent":{"__id__":42},"_components":[{"__type__":"cc.Label","node":{"__id__":43},"_useOriginalSize":false,"_actualFontSize":20,"_fontSize":20,"_enableWrapText":false,"_N$string":"初始化","_N$horizontalAlign":1,"_N$verticalAlign":1,"_N$overflow":1}],"_color":{"__type__":"cc.Color"},"_contentSize":{"__type__":"cc.Size","width":100,"height":40}},{"__type__":"cc.Node","_name":"goto","_parent":{"__id__":30},"_children":[{"__id__":45}],"_components":[{"__type__":"cc.Sprite","node":{"__id__":44},"_spriteFrame":{"__uuid__":"f0BIwQ8D5Ml7nTNQbh1YlS"},"_type":1,"_sizeMode":0},{"__type__":"cc.Button","node":{"__id__":44},"transition":3,"pressedColor":{"__type__":"cc.Color","r":255,"g":255,"b":255},"clickEvents":[{"__type__":"cc.ClickEvent","target":{"__id__":44},"component":"goto","handler":"goto"}],"_N$normalColor":{"__type__":"cc.Color","r":255,"g":255,"b":255},"_N$disabledColor":{"__type__":"cc.Color","r":255,"g":255,"b":255},"_N$normalSprite":{"__uuid__":"f0BIwQ8D5Ml7nTNQbh1YlS"},"_N$pressedSprite":{"__uuid__":"e97GVMl6JHh5Ml5qEDdSGa"},"pressedSprite":{"__uuid__":"e97GVMl6JHh5Ml5qEDdSGa"},"_N$hoverSprite":{"__uuid__":"e97GVMl6JHh5Ml5qEDdSGa"},"hoverSprite":{"__uuid__":"e97GVMl6JHh5Ml5qEDdSGa"},"_N$disabledSprite":{"__uuid__":"29FYIk+N1GYaeWH/q1NxQO"},"_N$target":{"__id__":44}},{"__type__":"406572/UU9A9avrR+vKCGW4","node":{"__id__":44},"functions":{"__id__":28},"variables":{"__id__":29}}],"_contentSize":{"__type__":"cc.Size","width":100,"height":40},"_position":{"__type__":"cc.Vec2","x":462,"y":206}},{"__type__":"cc.Node","_name":"Label","_parent":{"__id__":44},"_components":[{"__type__":"cc.Label","node":{"__id__":45},"_useOriginalSize":false,"_actualFontSize":20,"_fontSize":20,"_enableWrapText":false,"_N$string":"动画速度","_N$horizontalAlign":1,"_N$verticalAlign":1,"_N$overflow":1}],"_color":{"__type__":"cc.Color"},"_contentSize":{"__type__":"cc.Size","width":100,"height":40}},{"__type__":"cc.Node","_name":"FC_mode","_parent":{"__id__":30},"_children":[{"__id__":47}],"_components":[{"__type__":"cc.Sprite","node":{"__id__":46},"_spriteFrame":{"__uuid__":"f0BIwQ8D5Ml7nTNQbh1YlS"},"_type":1,"_sizeMode":0},{"__type__":"cc.Button","node":{"__id__":46},"transition":3,"pressedColor":{"__type__":"cc.Color","r":255,"g":255,"b":255},"clickEvents":[{"__type__":"cc.ClickEvent","target":{"__id__":46},"component":"FC_mode","handler":"change_mode"}],"_N$normalColor":{"__type__":"cc.Color","r":255,"g":255,"b":255},"_N$disabledColor":{"__type__":"cc.Color","r":255,"g":255,"b":255},"_N$normalSprite":{"__uuid__":"f0BIwQ8D5Ml7nTNQbh1YlS"},"_N$pressedSprite":{"__uuid__":"e97GVMl6JHh5Ml5qEDdSGa"},"pressedSprite":{"__uuid__":"e97GVMl6JHh5Ml5qEDdSGa"},"_N$hoverSprite":{"__uuid__":"e97GVMl6JHh5Ml5qEDdSGa"},"hoverSprite":{"__uuid__":"e97GVMl6JHh5Ml5qEDdSGa"},"_N$disabledSprite":{"__uuid__":"29FYIk+N1GYaeWH/q1NxQO"},"_N$target":{"__id__":46}},{"__type__":"735beEQBAVNJqY8yCxPoqXX","node":{"__id__":46},"functions":{"__id__":28},"variables":{"__id__":29}}],"_contentSize":{"__type__":"cc.Size","width":100,"height":40},"_position":{"__type__":"cc.Vec2","x":462,"y":146}},{"__type__":"cc.Node","_name":"Label","_parent":{"__id__":46},"_components":[{"__type__":"cc.Label","node":{"__id__":47},"_useOriginalSize":false,"_actualFontSize":20,"_fontSize":20,"_enableWrapText":false,"_N$string":"播放模式","_N$horizontalAlign":1,"_N$verticalAlign":1,"_N$overflow":1}],"_color":{"__type__":"cc.Color"},"_contentSize":{"__type__":"cc.Size","width":100,"height":40}}],{"__type__":"cc.SpriteFrame","content":{"name":"default_sprite_splash","texture":"02delMVqdBD70a/HSD99FK","rect":[0,0,2,2],"offset":[0,0],"originalSize":[2,2]}},{"__type__":"cc.SpriteFrame","content":{"name":"default_btn_pressed","texture":"b4P/PCArtIdIH38t6mlw8Y","rect":[0,0,40,40],"offset":[0,0],"originalSize":[40,40],"capInsets":[11,11,11,7]}},{"__type__":"cc.SpriteFrame","content":{"name":"default_btn_normal","texture":"e8Ueib+qJEhL6mXAHdnwbi","rect":[0,0,40,40],"offset":[0,0],"originalSize":[40,40],"capInsets":[8,11,7,9]}}]